Wavelength (nm);P-Polarized;S-Polarized;;;
250;0,728610578;0,050659;;;
251;0,2788391;0,0678711;;;
252;0,4082489;0,3846283;;;
253;0,724460178;0,715518894;;;
254;0,689193227;0,4066925;;;
255;0,691341948;0,65137291;;;
256;0,130245507;0,669848187;;;
257;0,690102158;0,699215736;;;
258;0,667731068;0,725052304;;;
259;0,296314389;0,295061678;;;
260;0,704132506;0,601607382;;;
261;0,332356304;0,714172956;;;
262;0,683910644;0,376900137;;;
263;0,690420277;0,496737421;;;
264;0,746344007;0,70951393;;;
265;0,726281467;0,02951771;;;
266;0,697087345;0,732014179;;;
267;0,06416028;0,680943769;;;
268;0,140279204;0,748005959;;;
269;0,683258108;0,450975448;;;
270;0,667497993;0,708430644;;;
271;0,742157508;0,066613249;;;
272;0,093611658;0,668051296;;;
273;0,495388359;0,722705333;;;
274;0,669190109;0,687439819;;;
275;0,672539504;0,700952747;;;
276;0,264349878;0,744136763;;;
277;0,500469208;0,677546958;;;
278;0,691516086;0,614116013;;;
279;0,671351455;0,712198234;;;
280;0,672013232;0,69355145;;;
281;0,741248603;0,682807222;;;
282;0,692320317;0,596926272;;;
283;0,719451528;0,685467515;;;
284;0,674530346;0,688214648;;;
285;0,497582972;0,654716253;;;
286;0,731771416;0,728960072;;;
287;0,697717882;0,67106389;;;
288;0,704417557;0,71942288;;;
289;0,749705912;0,668900355;;;
290;0,700794888;0,309833288;;;
291;0,65083921;0,686953778;;;
292;0,374834657;0,604809284;;;
293;0,685620434;0,737648414;;;
294;0,12114504;0,675951294;;;
295;0,711682779;0,309887081;;;
296;0,698209975;0,743704249;;;
297;0,739319286;0,274232507;;;
298;0,714363164;0,397017598;;;
299;0,717241762;0,692900372;;;
300;0,686628613;0,696520395;;;
301;0,516707301;0,727286859;;;
302;0,730143727;0,670827505;;;
303;0,702183499;0,68339591;;;
304;0,703917849;0,716741728;;;
305;0,684643553;0,713190702;;;
306;0,680653346;0,687014979;;;
307;0,700420698;0,338578075;;;
308;0,738085482;0,679152865;;;
309;0,678615782;0,704171942;;;
310;0,685090047;0,700367827;;;
311;0,731392717;0,316942006;;;
312;0,110148996;0,727233515;;;
313;0,707023515;0,719185451;;;
314;0,70553789;0,68059266;;;
315;0,734302062;0,684865065;;;
316;0,683742263;0,707275962;;;
317;0,202619255;0,125425503;;;
318;0,728649454;0,740463646;;;
319;0,736342073;0,692971529;;;
320;0,200373069;0,597780407;;;
321;0,716048127;0,681435357;;;
322;0,674938856;0,433395892;;;
323;0,276539832;0,698253334;;;
324;0,689707577;0,669059101;;;
325;0,634176731;0,736084654;;;
326;0,086495548;0,105169751;;;
327;0,723493755;0,333298504;;;
328;0,394179016;0,66983116;;;
329;0,526330233;0,098026522;;;
330;0,671507188;0,731565158;;;
331;0,181894094;0,653466225;;;
332;0,129901677;0,457963258;;;
333;1,176826596;1,494611025;;;
334;0,33283782;0,884587228;;;
335;0,017612977;0,152945817;;;
336;0,074940465;0,258148104;;;
337;0,538230062;1,002475858;;;
338;0,113133036;0,175049126;;;
339;0,994421661;1,287309885;;;
340;0,564670205;1,068679094;;;
341;0,198171869;0,554515719;;;
342;0,233879864;0,613323152;;;
343;0,294902235;0,19365567;;;
344;0,094101876;0,221234262;;;
345;0,721651375;0,863204122;;;
346;0,092274569;0,949082434;;;
347;0,606134832;0,183963299;;;
348;0,316491634;0,279175103;;;
349;0,201117322;0,513253152;;;
350;0,246648446;0,000800579;;;
351;0,600112081;0,795428991;;;
352;0,394436389;0,012426658;;;
353;0,038042132;0,260155082;;;
354;0,786406994;0,738913298;;;
355;0,789782286;1,587566495;;;
356;0,789452612;0,611747384;;;
357;0,047140151;0,069236718;;;
358;0,350424528;1,177530527;;;
359;1,026676655;1,036296844;;;
360;1,136571527;1,46472013;;;
361;1,196604252;1,982383966;;;
362;1,619285345;2,94002676;;;
363;1,388285637;3,15650034;;;
364;2,250387669;3,234590292;;;
365;1,99917829;3,261325836;;;
366;2,320194721;3,944181919;;;
367;2,117665291;4,328240395;;;
368;2,728631973;4,472374916;;;
369;3,065340996;5,551711082;;;
370;2,915835381;6,191243649;;;
371;3,664141178;6,604052544;;;
372;3,76572156;7,240573883;;;
373;3,914339781;7,944214344;;;
374;4,263539791;8,965101242;;;
375;4,239048958;8,455984116;;;
376;4,734837532;10,45002556;;;
377;5,093640804;10,15426636;;;
378;5,162192822;10,85921478;;;
379;5,862604618;12,12101841;;;
380;5,946567059;12,57396317;;;
381;6,18272686;12,62102413;;;
382;6,597532272;13,39598179;;;
383;6,709223747;13,79330635;;;
384;6,921818733;14,29287148;;;
385;7,265660763;14,66617775;;;
386;7,170023918;14,54881859;;;
387;7,706610203;15,25798321;;;
388;7,675483227;15,57332993;;;
389;7,82019186;15,59462547;;;
390;7,97831583;15,98338032;;;
391;8,200323105;15,944417;;;
392;8,430438042;16,25072289;;;
393;8,427601814;16,00481033;;;
394;8,414023399;16,12423134;;;
395;8,452672005;16,09498405;;;
396;8,8107481;16,27028656;;;
397;8,768328667;16,26002121;;;
398;8,985190392;16,45950317;;;
399;8,927264214;16,12052345;;;
400;9,00594902;16,19045067;;;
401;9,21663475;16,14957428;;;
402;9,217481613;16,03720093;;;
403;9,273880959;16,02282143;;;
404;9,09986496;15,75766659;;;
405;9,321971893;15,60433197;;;
406;9,476575851;15,88865948;;;
407;9,398283005;15,45674801;;;
408;9,540597916;15,74124527;;;
409;9,551329613;15,12598515;;;
410;9,513173103;15,15296268;;;
411;9,545528412;15,01434708;;;
412;9,53331089;14,94894218;;;
413;9,669289589;14,88031197;;;
414;9,654116631;14,72945023;;;
415;9,707507133;14,67331505;;;
416;9,710712433;14,44817924;;;
417;9,792005539;14,32376957;;;
418;9,813152313;14,33647442;;;
419;9,870381355;14,11270618;;;
420;9,918685913;14,10325432;;;
421;9,898792267;14,03997993;;;
422;9,896739006;13,81525135;;;
423;9,906051636;13,64555931;;;
424;9,986195564;13,67165565;;;
425;10,02433395;13,54400063;;;
426;10,03038025;13,34257126;;;
427;10,0229702;13,41426086;;;
428;10,00263405;13,13817692;;;
429;10,05910206;13,0490675;;;
430;10,10826683;13,11643124;;;
431;10,16631031;13,0542841;;;
432;10,13689804;12,890975;;;
433;10,10925674;12,68986797;;;
434;10,14718628;12,67132568;;;
435;10,14021397;12,5515852;;;
436;10,215168;12,52732754;;;
437;10,1359787;12,41775799;;;
438;10,25330925;12,36336994;;;
439;10,24219227;12,32812595;;;
440;10,27357674;12,12295246;;;
441;10,25279713;12,04760647;;;
442;10,25883007;11,94291306;;;
443;10,27678967;11,91688728;;;
444;10,32374763;11,96787167;;;
445;10,29802132;11,77707958;;;
446;10,37693501;11,7154789;;;
447;10,34346771;11,66804314;;;
448;10,34211731;11,60062981;;;
449;10,35925961;11,51234531;;;
450;10,36864662;11,45466328;;;
451;10,42090321;11,30978966;;;
452;10,41357708;11,36622715;;;
453;10,41124344;11,29773521;;;
454;10,41055679;11,18333244;;;
455;10,44759941;11,21719074;;;
456;10,42716312;11,12535572;;;
457;10,45704842;11,08914375;;;
458;10,43503952;11,02956009;;;
459;10,44153023;10,91272354;;;
460;10,46539116;10,90194893;;;
461;10,48350525;10,83409119;;;
462;10,45754337;10,78772068;;;
463;10,44147396;10,73117256;;;
464;10,47663689;10,73081017;;;
465;10,49337006;10,61310577;;;
466;10,502841;10,61656857;;;
467;10,49595451;10,54366875;;;
468;10,48698807;10,48974323;;;
469;10,49747944;10,50963593;;;
470;10,51235104;10,52685833;;;
471;10,48637104;10,42114353;;;
472;10,50422287;10,46104717;;;
473;10,52048683;10,41327381;;;
474;10,51990891;10,31216812;;;
475;10,527565;10,35448074;;;
476;10,51815987;10,34600639;;;
477;10,53917122;10,32188797;;;
478;10,52153873;10,30476379;;;
479;10,5582943;10,22943783;;;
480;10,53237247;10,13545322;;;
481;10,55017853;10,20085716;;;
482;10,54033756;10,13295841;;;
483;10,54976082;10,11321449;;;
484;10,51846981;10,12229061;;;
485;10,59980202;10,15493393;;;
486;10,5395546;10,04172421;;;
487;10,54933262;10,0817318;;;
488;10,58894444;10,08828926;;;
489;10,56440639;10,06754208;;;
490;10,55728912;10,05541229;;;
491;10,57069969;10,04125118;;;
492;10,541605;10,00893879;;;
493;10,5769968;10,0363884;;;
494;10,56068134;10,05535698;;;
495;10,59442997;10,08150864;;;
496;10,5495739;10,0037384;;;
497;10,56488609;9,977978706;;;
498;10,57773972;10,00075817;;;
499;10,5680275;9,965690613;;;
500;10,56415367;9,966300964;;;
501;10,57209492;9,97612381;;;
502;10,55031109;9,971298218;;;
503;10,55850887;10,01681137;;;
504;10,57337856;9,959836006;;;
505;10,55125999;9,973956108;;;
506;10,53820896;9,960073471;;;
507;10,54955006;9,947937965;;;
508;10,51738834;9,917853355;;;
509;10,52983761;9,950431824;;;
510;10,53953266;9,95490551;;;
511;10,50293922;9,863428116;;;
512;10,49448395;9,908873558;;;
513;10,49391079;10,00682545;;;
514;10,50217056;9,972815514;;;
515;10,47488499;9,941199303;;;
516;10,45555592;9,947471619;;;
517;10,47563744;10,01032257;;;
518;10,4749012;10,00263119;;;
519;10,47221375;10,09084606;;;
520;10,45322895;10,05621147;;;
521;10,44880962;10,0071888;;;
522;10,42061996;9,992872238;;;
523;10,41729546;10,00786591;;;
524;10,40222836;10,01702309;;;
525;10,41323376;10,04068661;;;
526;10,40454483;10,01348972;;;
527;10,39059162;10,04039001;;;
528;10,37784767;9,985689163;;;
529;10,37751675;10,04629326;;;
530;10,37262058;10,03043747;;;
531;10,33151913;10,00035858;;;
532;10,35564709;10,03305626;;;
533;10,34440708;10,05633354;;;
534;10,32705498;10,07600117;;;
535;10,33708954;10,10229969;;;
536;10,29166412;10,07689953;;;
537;10,32229614;10,09487915;;;
538;10,28539658;10,13152885;;;
539;10,29083061;10,19549465;;;
540;10,28281307;10,19589329;;;
541;10,26258183;10,21374321;;;
542;10,23304367;10,16142845;;;
543;10,27342415;10,27723598;;;
544;10,2202816;10,22269917;;;
545;10,21272659;10,21512794;;;
546;10,21937466;10,2426548;;;
547;10,20654106;10,27850819;;;
548;10,20354748;10,27886486;;;
549;10,19594955;10,25167179;;;
550;10,21024323;10,31343746;;;
551;10,20759296;10,34519482;;;
552;10,17439938;10,35294247;;;
553;10,16830254;10,29829121;;;
554;10,15646744;10,29273129;;;
555;10,14213753;10,30765629;;;
556;10,123559;10,31886292;;;
557;10,13076591;10,3518219;;;
558;10,13945198;10,37550068;;;
559;10,10672855;10,37501526;;;
560;10,10306644;10,38579464;;;
561;10,09568024;10,3956461;;;
562;10,08663368;10,42385864;;;
563;10,07982445;10,41084862;;;
564;10,0698452;10,44367599;;;
565;10,08586884;10,53353596;;;
566;10,0629549;10,53088474;;;
567;10,05590725;10,54718876;;;
568;10,03261948;10,56250477;;;
569;10,02957058;10,55805874;;;
570;10,0427227;10,56300735;;;
571;9,99857235;10,62334347;;;
572;9,998397827;10,6367445;;;
573;9,986884117;10,63484001;;;
574;9,999238968;10,62220097;;;
575;10,01001549;10,68537521;;;
576;9,987577438;10,67579079;;;
577;9,984488487;10,68763065;;;
578;9,971100807;10,67175961;;;
579;9,950974464;10,65504169;;;
580;9,958235741;10,66883659;;;
581;9,945858955;10,6647501;;;
582;9,948206902;10,71569061;;;
583;9,939553261;10,71008015;;;
584;9,933176994;10,69001293;;;
585;9,925228119;10,71913433;;;
586;9,92301178;10,73622894;;;
587;9,903831482;10,7410984;;;
588;9,899490356;10,7203064;;;
589;9,908125877;10,79804802;;;
590;9,893947601;10,78414536;;;
591;9,883045197;10,72959328;;;
592;9,878728867;10,78450108;;;
593;9,876002312;10,7718153;;;
594;9,86772728;10,7954092;;;
595;9,859407425;10,8350296;;;
596;9,859283447;10,82877541;;;
597;9,859685898;10,88305759;;;
598;9,851283073;10,85691643;;;
599;9,834662437;10,90002251;;;
600;9,83612442;10,91677284;;;
601;9,825835228;10,92663956;;;
602;9,817808151;10,87997437;;;
603;9,828269958;10,9691124;;;
604;9,811386108;10,96252346;;;
605;9,801021576;11,00893307;;;
606;9,794131279;11,00047112;;;
607;9,786302567;10,9798193;;;
608;9,787251472;11,00366688;;;
609;9,782151222;11,09600544;;;
610;9,774394035;11,00510311;;;
611;9,767925262;11,06020355;;;
612;9,755456924;11,07651329;;;
613;9,752799988;11,07632065;;;
614;9,757484436;11,1292305;;;
615;9,747517586;11,1062727;;;
616;9,740903854;11,1057272;;;
617;9,736188889;11,09208584;;;
618;9,723461151;11,06599331;;;
619;9,737129211;11,11501408;;;
620;9,726890564;11,1462841;;;
621;9,719208717;11,0892086;;;
622;9,726903915;11,10530758;;;
623;9,720266342;11,10543442;;;
624;9,706232071;11,07929707;;;
625;9,701692581;11,07386017;;;
626;9,711603165;11,13642979;;;
627;9,699186325;11,09650898;;;
628;9,701105118;11,06377792;;;
629;9,695652008;11,0145607;;;
630;9,68625927;11,08000946;;;
631;9,693992615;11,09509277;;;
632;9,687004089;11,07287407;;;
633;9,677054405;11,03044415;;;
634;9,679074287;11,05403137;;;
635;9,677571297;11,07011986;;;
636;9,676253319;11,10168648;;;
637;9,669591904;11,04864883;;;
638;9,679133415;11,06829071;;;
639;9,674592018;11,08097172;;;
640;9,658200264;11,02318573;;;
641;9,660453796;11,13655758;;;
642;9,666835785;11,08082581;;;
643;9,661677361;11,04494953;;;
644;9,657037735;11,0353899;;;
645;9,651319504;11,08300591;;;
646;9,657741547;11,09771156;;;
647;9,653927803;11,11845779;;;
648;9,65942955;11,07147503;;;
649;9,659021378;11,05739212;;;
650;9,653436661;11,08545399;;;
651;9,649980545;11,10305309;;;
652;9,657012939;11,11820221;;;
653;9,650726318;11,12977409;;;
654;9,659281731;11,10212326;;;
655;9,653903961;11,11256409;;;
656;9,655893326;11,13576794;;;
657;9,647969246;11,05325794;;;
658;9,650627136;11,06834126;;;
659;9,656564713;11,14376068;;;
660;9,656686783;11,06726265;;;
661;9,648971558;11,05342865;;;
662;9,646971703;10,95031834;;;
663;9,649604797;10,95431042;;;
664;9,654668808;10,97655678;;;
665;9,658290863;11,03154659;;;
666;9,663070679;10,9887228;;;
667;9,658703804;10,98040199;;;
668;9,673763275;11,00587463;;;
669;9,660102844;10,95646381;;;
670;9,664936066;10,97016525;;;
671;9,670063019;10,96291065;;;
672;9,664598465;10,9325695;;;
673;9,680757523;10,98275375;;;
674;9,670412064;10,91413498;;;
675;9,676287651;10,91502571;;;
676;9,67840004;10,88605309;;;
677;9,687874794;10,86207676;;;
678;9,681020737;10,8624506;;;
679;9,68872261;10,88698006;;;
680;9,688381195;10,84927654;;;
681;9,698283195;10,85818291;;;
682;9,703705788;10,87362576;;;
683;9,693897247;10,84937191;;;
684;9,712041855;10,97532177;;;
685;9,711359024;10,85703182;;;
686;9,713389397;10,90658379;;;
687;9,724925995;10,94318199;;;
688;9,723906517;10,8468256;;;
689;9,73626709;10,90481663;;;
690;9,734223366;10,86423779;;;
691;9,739561081;10,88611698;;;
692;9,746021271;10,90567589;;;
693;9,757661819;10,90691662;;;
694;9,754868507;10,86833763;;;
695;9,748422623;10,84180737;;;
696;9,769935608;10,86879921;;;
697;9,770627022;10,85951328;;;
698;9,77556324;10,82547188;;;
699;9,788133621;10,85051155;;;
700;9,781791687;10,80690479;;;
701;9,80221653;10,8254528;;;
702;9,816453934;10,82194805;;;
703;9,82752037;10,80334377;;;
704;9,826116562;10,77020073;;;
705;9,829033852;10,73155689;;;
706;9,829945564;10,688797;;;
707;9,849487305;10,68075275;;;
708;9,843170166;10,62337685;;;
709;9,845277786;10,57429981;;;
710;9,876194954;10,59801579;;;
711;9,867645264;10,55573273;;;
712;9,884748459;10,54750824;;;
713;9,891661644;10,55559826;;;
714;9,90221405;10,47267532;;;
715;9,909416199;10,5162077;;;
716;9,88898468;10,41957855;;;
717;9,921420097;10,43418884;;;
718;9,924128532;10,41798973;;;
719;9,949987411;10,46987057;;;
720;9,932117462;10,02433491;;;
721;9,854884148;10,00214577;;;
722;9,903058052;10,00412178;;;
723;9,89846611;10,0000658;;;
724;9,934718132;10,03117943;;;
725;9,934195518;10,0452528;;;
726;9,885044098;10,05229092;;;
727;9,937740326;10,09085655;;;
728;9,921242714;10,11174011;;;
729;9,891647339;10,12762833;;;
730;9,968662262;10,19069862;;;
731;9,942761421;10,22268867;;;
732;9,901404381;10,24852467;;;
733;9,936638832;10,28970146;;;
734;10,00509548;10,31597614;;;
735;10,08724308;10,35836601;;;
736;10,05685806;10,40346718;;;
737;9,989803314;10,39381599;;;
738;10,02755356;10,40702152;;;
739;10,11279106;10,45140553;;;
740;10,03788185;10,44342041;;;
741;10,11049557;10,4474659;;;
742;10,06153202;10,45697117;;;
743;10,11068916;10,45540619;;;
744;10,05641174;10,41996479;;;
745;10,10075092;10,40300655;;;
746;10,12968349;10,38772392;;;
747;10,109375;10,34139156;;;
748;10,17849064;10,31849384;;;
749;10,19825268;10,2752943;;;
750;10,13985729;10,21992302;;;
751;10,14775562;10,16690445;;;
752;10,16195583;10,11329269;;;
753;10,17477989;10,05004311;;;
754;10,19544411;9,980065346;;;
755;10,11582756;9,918506622;;;
756;10,17923164;9,839339256;;;
757;10,24340725;9,781633377;;;
758;10,1878624;9,712710381;;;
759;10,19814968;9,658527374;;;
760;10,21021652;9,56865406;;;
761;10,23496819;9,518866539;;;
762;10,25579739;9,46366787;;;
763;10,27206135;9,390342712;;;
764;10,26113892;9,34327507;;;
765;10,20158577;9,27926445;;;
766;10,23706627;9,214835167;;;
767;10,27212715;9,16645813;;;
768;10,20467186;9,132062912;;;
769;10,23918247;9,086776733;;;
770;10,24087048;9,053221703;;;
771;10,27037716;9,036382675;;;
772;10,26627636;9,012137413;;;
773;10,21360493;8,996285439;;;
774;10,21110821;8,990116119;;;
775;10,32826805;9,006101608;;;
776;10,29100132;8,988126755;;;
777;10,20310307;8,981169701;;;
778;10,258564;9,003363609;;;
779;10,28336811;9,018054008;;;
780;10,27203465;9,028098106;;;
781;10,19100857;9,040722847;;;
782;10,26787186;9,060972214;;;
783;10,22199535;9,07695961;;;
784;10,25383949;9,09672451;;;
785;10,22847176;9,12477684;;;
786;10,24752712;9,152033806;;;
787;10,29231167;9,176303864;;;
788;10,29976749;9,216374397;;;
789;10,30831146;9,228610039;;;
790;10,30851173;9,240359306;;;
791;10,32178116;9,271068573;;;
792;10,30373573;9,275832176;;;
793;10,24988842;9,288532257;;;
794;10,30047131;9,296779633;;;
795;10,29637718;9,301408768;;;
796;10,29125786;9,312087059;;;
797;10,29985237;9,302804947;;;
798;10,25757313;9,292114258;;;
799;10,33157349;9,284460068;;;
800;10,30945778;9,270171165;;;
801;10,33753777;9,24909687;;;
802;10,35470772;9,221876144;;;
803;10,34964752;9,192718506;;;
804;10,32789993;9,152258873;;;
805;10,36638737;9,112287521;;;
806;10,35687733;9,080626488;;;
807;10,39000416;9,039223671;;;
808;10,31348896;8,974143028;;;
809;10,273139;8,920568466;;;
810;10,29720116;8,866409302;;;
811;10,35248566;8,811142921;;;
812;10,35784245;8,765185356;;;
813;10,30538654;8,685430527;;;
814;10,29606056;8,615336418;;;
815;10,35097504;8,568145752;;;
816;10,33452797;8,499925613;;;
817;10,25826168;8,43362999;;;
818;10,26453972;8,364212036;;;
819;10,29361248;8,299943924;;;
820;10,29051018;8,235170364;;;
821;10,27125454;8,181528091;;;
822;10,27237892;8,109571457;;;
823;10,30058384;8,070773125;;;
824;10,24693203;8,001340866;;;
825;10,2586813;7,951761723;;;
826;10,19221497;7,880993843;;;
827;10,24534512;7,854719639;;;
828;10,25889587;7,820264816;;;
829;10,22545433;7,779630184;;;
830;10,20543575;7,744401932;;;
831;10,23075581;7,708360195;;;
832;10,19889355;7,686310768;;;
833;10,226408;7,660952091;;;
834;10,08724308;7,629657745;;;
835;10,1391058;7,624599457;;;
836;10,24207592;7,636030197;;;
837;10,15897083;7,605323792;;;
838;10,16785526;7,60080719;;;
839;10,13996124;7,601886272;;;
840;10,13874626;7,606120586;;;
841;10,12175083;7,611542702;;;
842;10,11659431;7,623729706;;;
843;10,09874916;7,636658669;;;
844;10,0960207;7,65021944;;;
845;10,07393265;7,664439678;;;
846;10,08347321;7,668601513;;;
847;10,07818317;7,704104424;;;
848;10,06087112;7,719172001;;;
849;10,03569508;7,734749317;;;
850;10,07212257;7,768900871;;;
851;10,05653477;7,783141136;;;
852;10,02293777;7,797317028;;;
853;10,02951527;7,827562332;;;
854;10,05200863;7,847092152;;;
855;10,04043198;7,86833334;;;
856;10,02802944;7,892885685;;;
857;10,00454521;7,910266399;;;
858;10,01445389;7,924066544;;;
859;9,985035896;7,930035114;;;
860;10,02035141;7,953738213;;;
861;9,977600098;7,961837292;;;
862;9,975523949;7,960794926;;;
863;9,987932205;7,977594376;;;
864;9,981964111;7,975662708;;;
865;9,972680092;7,974909782;;;
866;9,985197067;7,97758007;;;
867;9,967325211;7,965575695;;;
868;9,966072083;7,959697247;;;
869;9,9647789;7,94835186;;;
870;9,94836998;7,932849884;;;
871;9,946745872;7,919407845;;;
872;9,938182831;7,8959198;;;
873;9,918599129;7,869905949;;;
874;9,936470985;7,851596355;;;
875;9,934521675;7,821341038;;;
876;9,907364845;7,788094997;;;
877;9,906173706;7,757416248;;;
878;9,890966415;7,723355293;;;
879;9,897227287;7,690542221;;;
880;9,87783432;7,650001526;;;
881;9,893032074;7,614863873;;;
882;9,881002426;7,572154522;;;
883;9,875329971;7,535069466;;;
884;9,847065926;7,497534275;;;
885;9,84978199;7,453368664;;;
886;9,847700119;7,408617973;;;
887;9,834031105;7,367707729;;;
888;9,823685646;7,328943253;;;
889;9,821436882;7,286815166;;;
890;9,819349289;7,246273041;;;
891;9,804833412;7,205294132;;;
892;9,795403481;7,164924622;;;
893;9,788643837;7,129936695;;;
894;9,784014702;7,096923351;;;
895;9,778227806;7,062869549;;;
896;9,764255524;7,030620575;;;
897;9,758584023;6,999830723;;;
898;9,743099213;6,971404076;;;
899;9,74201107;6,944007397;;;
900;9,738650322;6,921320915;;;
901;9,72882843;6,901932716;;;
902;9,714858055;6,883087635;;;
903;9,708291054;6,86859417;;;
904;9,703386307;6,857940674;;;
905;9,690807343;6,844936371;;;
906;9,68951416;6,838425159;;;
907;9,68546772;6,83548069;;;
908;9,682053566;6,838425159;;;
909;9,667279243;6,835064888;;;
910;9,657394409;6,839169025;;;
911;9,654989243;6,842786789;;;
912;9,647867203;6,853254318;;;
913;9,644918442;6,864227295;;;
914;9,64208889;6,879675388;;;
915;9,631158829;6,896568775;;;
916;9,631219864;6,91680479;;;
917;9,617621422;6,939421654;;;
918;9,61604023;6,957636833;;;
919;9,609265327;6,980963707;;;
920;9,608179092;7,007469177;;;
921;9,603672981;7,034224987;;;
922;9,599117279;7,065355778;;;
923;9,596212387;7,093361855;;;
924;9,587535858;7,123646259;;;
925;9,58697319;7,156597614;;;
926;9,582992554;7,185781002;;;
927;9,586336136;7,221254826;;;
928;9,586009026;7,254700184;;;
929;9,577560425;7,291380405;;;
930;9,574110985;7,322740555;;;
931;9,57197094;7,352395535;;;
932;9,569231987;7,384423733;;;
933;9,575086594;7,415223122;;;
934;9,572065353;7,447480202;;;
935;9,566973686;7,477784157;;;
936;9,569853783;7,509093761;;;
937;9,561434746;7,534793854;;;
938;9,562401772;7,563128471;;;
939;9,566596985;7,584359646;;;
940;9,567676544;7,611838818;;;
941;9,569823265;7,637426376;;;
942;9,569579124;7,658126354;;;
943;9,562516212;7,675336838;;;
944;9,5579319;7,693048477;;;
945;9,55731678;7,708059788;;;
946;9,556622505;7,723719597;;;
947;9,560412407;7,735383511;;;
948;9,567224503;7,747905731;;;
949;9,558379173;7,757984161;;;
950;9,559932709;7,76905489;;;
951;9,556008339;7,769968987;;;
952;9,551691055;7,769527912;;;
953;9,547765732;7,76674366;;;
954;9,55712986;7,767041206;;;
955;9,551438332;7,767341137;;;
956;9,549789429;7,766421318;;;
957;9,549064636;7,76320076;;;
958;9,552244186;7,758560658;;;
959;9,5489254;7,748592854;;;
960;9,545939445;7,738723755;;;
961;9,54968071;7,729445457;;;
962;9,553290367;7,718282223;;;
963;9,559518814;7,710751057;;;
964;9,552643776;7,698194504;;;
965;9,54551506;7,680161953;;;
966;9,541373253;7,666413307;;;
967;9,538337708;7,651017666;;;
968;9,54812336;7,635352135;;;
969;9,550535202;7,620076656;;;
970;9,555577278;7,612633705;;;
971;9,557465553;7,602642536;;;
972;9,554138184;7,586597443;;;
973;9,549884796;7,570269108;;;
974;9,549280167;7,549681664;;;
975;9,549199104;7,533625603;;;
976;9,553672791;7,518270016;;;
977;9,549674034;7,506921291;;;
978;9,551831245;7,499197006;;;
979;9,556017876;7,487568378;;;
980;9,551990509;7,481645107;;;
981;9,551338196;7,469040871;;;
982;9,548284531;7,459187508;;;
983;9,553337097;7,453750134;;;
984;9,560570717;7,449457645;;;
985;9,563573837;7,445785522;;;
986;9,569883347;7,442948341;;;
987;9,561852455;7,44293642;;;
988;9,559104919;7,442158699;;;
989;9,552761078;7,439788342;;;
990;9,55347538;7,440428257;;;
991;9,557213783;7,448177814;;;
992;9,568076134;7,460791588;;;
993;9,570307732;7,473788261;;;
994;9,576708794;7,489835262;;;
995;9,575490952;7,505056381;;;
996;9,572311401;7,515004158;;;
997;9,571919441;7,528678417;;;
998;9,571291924;7,543581009;;;
999;9,57640934;7,561790943;;;
1000;9,582446098;7,585863113;;;
1001;9,589292526;7,613238811;;;
1002;9,589074135;7,644531727;;;
1003;9,58429718;7,672163963;;;
1004;9,583487511;7,696808815;;;
1005;9,588020325;7,726112843;;;
1006;9,59131813;7,752483368;;;
1007;9,603158951;7,791923523;;;
1008;9,611586571;7,828845978;;;
1009;9,622074127;7,867424011;;;
1010;9,621538162;7,908605099;;;
1011;9,619067192;7,943281651;;;
1012;9,617636681;7,975355625;;;
1013;9,615336418;8,010605812;;;
1014;9,621479034;8,048575401;;;
1015;9,634888649;8,092469215;;;
1016;9,643074989;8,142764091;;;
1017;9,657196999;8,188013077;;;
1018;9,662512779;8,235929489;;;
1019;9,664593697;8,284516335;;;
1020;9,665154457;8,322565079;;;
1021;9,666593552;8,358898163;;;
1022;9,672982216;8,402328491;;;
1023;9,680652618;8,446637154;;;
1024;9,691877365;8,491065025;;;
1025;9,701107979;8,538391113;;;
1026;9,710726738;8,586660385;;;
1027;9,71122551;8,629411697;;;
1028;9,71133709;8,670791626;;;
1029;9,713636398;8,709072113;;;
1030;9,720575333;8,745300293;;;
1031;9,731726646;8,788331032;;;
1032;9,746819496;8,831613541;;;
1033;9,760616302;8,879103661;;;
1034;9,769495964;8,920889854;;;
1035;9,774668694;8,963374138;;;
1036;9,774548531;8,99485302;;;
1037;9,773979187;9,024278641;;;
1038;9,774280548;9,050260544;;;
1039;9,780171394;9,079277039;;;
1040;9,795254707;9,115161896;;;
1041;9,812162399;9,150787354;;;
1042;9,825640678;9,187555313;;;
1043;9,833886147;9,221459389;;;
1044;9,83890152;9,249329567;;;
1045;9,841139793;9,273295403;;;
1046;9,841835976;9,289540291;;;
1047;9,850942612;9,308152199;;;
1048;9,858891487;9,329611778;;;
1049;9,867761612;9,352468491;;;
1050;9,994559288;8,732638359;;;
1051;10,00076771;8,755251884;;;
1052;10,01691246;8,789460182;;;
1053;10,02272606;8,812293053;;;
1054;10,03594303;8,84405899;;;
1055;10,05074787;8,871495247;;;
1056;10,06096935;8,898125648;;;
1057;10,0658474;8,923649788;;;
1058;10,0751133;8,947361946;;;
1059;10,08659554;8,975941658;;;
1060;10,08701134;8,993436813;;;
1061;10,09679699;9,016848564;;;
1062;10,11333275;9,046189308;;;
1063;10,12403011;9,073134422;;;
1064;10,13355637;9,092216492;;;
1065;10,14071655;9,120494843;;;
1066;10,15563869;9,145668983;;;
1067;10,15659332;9,163184166;;;
1068;10,16978073;9,180028915;;;
1069;10,18024731;9,202941895;;;
1070;10,19544506;9,22551918;;;
1071;10,20855045;9,252511978;;;
1072;10,22128391;9,274390221;;;
1073;10,2366972;9,298131943;;;
1074;10,24012756;9,318639755;;;
1075;10,24218178;9,342132568;;;
1076;10,257514;9,353590965;;;
1077;10,26671028;9,377145767;;;
1078;10,27120304;9,396852493;;;
1079;10,28548527;9,418468475;;;
1080;10,3001318;9,443634987;;;
1081;10,31771755;9,458305359;;;
1082;10,32577133;9,479939461;;;
1083;10,33409786;9,49995327;;;
1084;10,3506012;9,518716812;;;
1085;10,36271381;9,537558556;;;
1086;10,37154675;9,562166214;;;
1087;10,38777161;9,5795784;;;
1088;10,39575863;9,601365089;;;
1089;10,41653442;9,618804932;;;
1090;10,42259026;9,645037651;;;
1091;10,43169689;9,667832375;;;
1092;10,44440746;9,687287331;;;
1093;10,45647812;9,715907097;;;
1094;10,475811;9,733345032;;;
1095;10,48336601;9,759063721;;;
1096;10,4879303;9,772228241;;;
1097;10,51255131;9,802742958;;;
1098;10,51790142;9,824233055;;;
1099;10,54057121;9,842526436;;;
1100;10,56141472;9,877220154;;;
1101;10,56370926;9,899399757;;;
1102;10,57161713;9,924502373;;;
1103;10,58899021;9,948916435;;;
1104;10,59682941;9,977081299;;;
1105;10,61391449;10,00296974;;;
1106;10,63152409;10,02624512;;;
1107;10,63815308;10,06158924;;;
1108;10,65351105;10,08955288;;;
1109;10,67437649;10,12046719;;;
1110;10,68050861;10,15081596;;;
1111;10,6900692;10,18076515;;;
1112;10,70541286;10,20983505;;;
1113;10,72882748;10,2438879;;;
1114;10,73746681;10,28069973;;;
1115;10,75609589;10,31611347;;;
1116;10,77252102;10,34873581;;;
1117;10,7831068;10,38031769;;;
1118;10,80371857;10,41864204;;;
1119;10,81410408;10,45356369;;;
1120;10,82396889;10,49494076;;;
1121;10,84669495;10,5259428;;;
1122;10,86705017;10,55676174;;;
1123;10,85885811;10,59387589;;;
1124;10,89257145;10,64129543;;;
1125;10,90481472;10,66909981;;;
1126;10,9245882;10,71901321;;;
1127;10,93739319;10,75677013;;;
1128;10,95814419;10,79668903;;;
1129;10,97004223;10,83922195;;;
1130;10,99430752;10,87759399;;;
1131;11,00260925;10,91987991;;;
1132;11,02310276;10,95166016;;;
1133;11,03985691;10,9965992;;;
1134;11,04832745;11,04758263;;;
1135;11,08934116;11,07936096;;;
1136;11,09652042;11,12775707;;;
1137;11,09953594;11,17464256;;;
1138;11,13280392;11,20353222;;;
1139;11,14206123;11,26355076;;;
1140;11,15786839;11,29389;;;
1141;11,17071152;11,33150673;;;
1142;11,18775845;11,38779449;;;
1143;11,2075491;11,43133259;;;
1144;11,22624016;11,46562386;;;
1145;11,24334145;11,51313305;;;
1146;11,27481461;11,56494999;;;
1147;11,27301311;11,59582806;;;
1148;11,3032074;11,64216328;;;
1149;11,32271099;11,68794441;;;
1150;11,33714867;11,72893143;;;
1151;11,36104679;11,77319813;;;
1152;11,37873936;11,81349945;;;
1153;11,38552475;11,85647678;;;
1154;11,41871929;11,89927864;;;
1155;11,43347359;11,94790173;;;
1156;11,44330978;11,99136639;;;
1157;11,4836483;12,03016949;;;
1158;11,4948225;12,06747532;;;
1159;11,50068283;12,10689163;;;
1160;11,53072166;12,15002918;;;
1161;11,54708958;12,18773365;;;
1162;11,56126213;12,22493458;;;
1163;11,58722973;12,27297211;;;
1164;11,61119747;12,30442238;;;
1165;11,63280201;12,34763241;;;
1166;11,65070438;12,38213062;;;
1167;11,67545033;12,4307251;;;
1168;11,68682194;12,46857357;;;
1169;11,7155571;12,47649956;;;
1170;11,73889446;12,53789806;;;
1171;11,75655174;12,57100582;;;
1172;11,77085686;12,60245323;;;
1173;11,79937649;12,64158916;;;
1174;11,80608749;12,6687746;;;
1175;11,83190918;12,70380497;;;
1176;11,85555935;12,74295998;;;
1177;11,87550163;12,77558994;;;
1178;11,89034081;12,81003475;;;
1179;11,92181301;12,84857655;;;
1180;11,94853592;12,88071537;;;
1181;11,9591217;12,90703869;;;
1182;11,98725414;12,93713284;;;
1183;11,9933033;12,96424007;;;
1184;12,02148914;13,0007534;;;
1185;12,05024052;13,03062439;;;
1186;12,06673241;13,06903648;;;
1187;12,0863781;13,09478092;;;
1188;12,10940838;13,12096882;;;
1189;12,13023853;13,1567688;;;
1190;12,15702915;13,19214535;;;
1191;12,1795311;13,22472858;;;
1192;12,19071865;13,23790836;;;
1193;12,21516418;13,26859856;;;
1194;12,24517155;13,30646324;;;
1195;12,26376724;13,33212376;;;
1196;12,28597164;13,36179352;;;
1197;12,30662441;13,39754581;;;
1198;12,33109379;13,42833519;;;
1199;12,3564043;13,45456696;;;
1200;12,44844341;13,56389332;;;
1201;12,46215439;13,59711266;;;
1202;12,49658203;13,6245842;;;
1203;12,50987339;13,65992546;;;
1204;12,53626633;13,68260574;;;
1205;12,55637074;13,71334457;;;
1206;12,57604694;13,73614216;;;
1207;12,60494614;13,7714386;;;
1208;12,62733364;13,79898453;;;
1209;12,65575027;13,84983253;;;
1210;12,67510223;13,86621571;;;
1211;12,70091343;13,90052319;;;
1212;12,71966743;13,93252563;;;
1213;12,7407608;13,96433258;;;
1214;12,75896549;13,99895668;;;
1215;12,79312229;14,03166962;;;
1216;12,80633831;14,06344509;;;
1217;12,84113789;14,09686661;;;
1218;12,86963367;14,13697433;;;
1219;12,88967896;14,17621231;;;
1220;12,94443417;14,20606422;;;
1221;12,93933868;14,24552822;;;
1222;12,95944118;14,28180027;;;
1223;12,98790169;14,32254314;;;
1224;13,00202751;14,35137367;;;
1225;13,03420925;14,39814377;;;
1226;13,05416965;14,42988968;;;
1227;13,09284878;14,47663116;;;
1228;13,11962318;14,51646709;;;
1229;13,13607502;14,55877018;;;
1230;13,164608;14,60207272;;;
1231;13,1925745;14,65377808;;;
1232;13,21653557;14,69473076;;;
1233;13,25112247;14,73425293;;;
1234;13,27795219;14,78873825;;;
1235;13,30225277;14,82949734;;;
1236;13,32085991;14,87357616;;;
1237;13,3473053;14,92442036;;;
1238;13,37441063;14,96332169;;;
1239;13,40133858;15,013237;;;
1240;13,42866993;15,0627985;;;
1241;13,46072674;15,11817551;;;
1242;13,49560738;15,17958832;;;
1243;13,52000809;15,22833061;;;
1244;13,54494286;15,28349209;;;
1245;13,56848621;15,33254051;;;
1246;13,59426212;15,38341522;;;
1247;13,61973095;15,42619801;;;
1248;13,65383244;15,48032284;;;
1249;13,67764759;15,54661846;;;
1250;13,70277596;15,60208225;;;
1251;13,73700619;15,65574074;;;
1252;13,7662859;15,71439171;;;
1253;13,7969389;15,77430534;;;
1254;13,82972908;15,83391285;;;
1255;13,86160564;15,90617275;;;
1256;13,88923645;15,97798157;;;
1257;13,91836071;16,02716637;;;
1258;13,95000839;16,08399963;;;
1259;13,98180294;16,14796257;;;
1260;13,99864674;16,20131683;;;
1261;14,02310276;16,26512718;;;
1262;14,06586647;16,33125305;;;
1263;14,09194469;16,39910889;;;
1264;14,11974239;16,46589661;;;
1265;14,15677643;16,53543854;;;
1266;14,19074535;16,58032227;;;
1267;14,22178555;16,6709671;;;
1268;14,25934601;16,73976707;;;
1269;14,27572346;16,80666161;;;
1270;14,31180191;16,86606026;;;
1271;14,34903145;16,93305588;;;
1272;14,37833786;16,99889755;;;
1273;14,40852737;17,06063843;;;
1274;14,43292904;17,12394905;;;
1275;14,46255016;17,195364;;;
1276;14,49486446;17,27684784;;;
1277;14,54626465;17,33556938;;;
1278;14,57099438;17,41515923;;;
1279;14,58963871;17,47749901;;;
1280;14,63756084;17,55736542;;;
1281;14,67587948;17,63171577;;;
1282;14,71209049;17,69966507;;;
1283;14,73818111;17,75795746;;;
1284;14,76971531;17,82826042;;;
1285;14,79950142;17,86960602;;;
1286;14,82430649;17,95054817;;;
1287;14,86507225;18,02707291;;;
1288;14,89673996;18,09119225;;;
1289;14,93348598;18,1615448;;;
1290;14,97007561;18,23747826;;;
1291;15,0050211;18,31039429;;;
1292;15,04697227;18,38813782;;;
1293;15,08542728;18,46123695;;;
1294;15,12144184;18,52241707;;;
1295;15,15846062;18,58732605;;;
1296;15,19122124;18,65947151;;;
1297;15,21347427;18,71645927;;;
1298;15,24091816;18,76538277;;;
1299;15,26670265;18,83102417;;;
1300;15,30173588;18,89171219;;;
1301;15,34768772;18,96433258;;;
1302;15,3796854;19,02743912;;;
1303;15,40980625;19,10376358;;;
1304;15,45347881;19,1701107;;;
1305;15,49239159;19,24655533;;;
1306;15,53872108;19,31989288;;;
1307;15,57533455;19,38491058;;;
1308;15,59937286;19,43905258;;;
1309;15,63769722;19,49851608;;;
1310;15,66772175;19,5484848;;;
1311;15,69077969;19,60079002;;;
1312;15,75026035;19,69168091;;;
1313;15,75230503;19,71216965;;;
1314;15,79101849;19,7650032;;;
1315;15,82988548;19,83381271;;;
1316;15,86768341;19,90208054;;;
1317;15,90409279;19,96786499;;;
1318;15,94743156;20,0391674;;;
1319;15,99678993;20,11231995;;;
1320;16,03654671;20,16382408;;;
1321;16,07195473;20,22601318;;;
1322;16,10943222;20,28587914;;;
1323;16,14113808;20,33732224;;;
1324;16,17434502;20,38333511;;;
1325;16,20501518;20,42245293;;;
1326;16,23051643;20,47152138;;;
1327;16,26157951;20,52285004;;;
1328;16,30330658;20,59160995;;;
1329;16,3455677;20,64444351;;;
1330;16,37884903;20,70110512;;;
1331;16,41941071;20,76927948;;;
1332;16,46940422;20,83148193;;;
1333;16,50781441;20,89111519;;;
1334;16,54654503;20,94442558;;;
1335;16,59777641;21,00192451;;;
1336;16,62961769;21,03948784;;;
1337;16,66023827;21,08973503;;;
1338;16,69128036;21,13251114;;;
1339;16,73179054;21,17506409;;;
1340;16,7596283;21,21727562;;;
1341;16,79059792;21,26626015;;;
1342;16,82985687;21,30504608;;;
1343;16,8662529;21,37004471;;;
1344;16,90778542;21,43208504;;;
1345;16,94992065;21,4849987;;;
1346;17,0057888;21,54804611;;;
1347;17,04616356;21,60926056;;;
1348;17,09597588;21,66984367;;;
1349;17,13429642;21,70477104;;;
1350;17,17592049;21,75428772;;;
1351;17,21839714;21,79595566;;;
1352;17,24777412;21,8272953;;;
1353;17,27651024;21,88003922;;;
1354;17,31072235;21,93010139;;;
1355;17,34427452;21,96406364;;;
1356;17,38241959;22,01955986;;;
1357;17,42453575;22,08956337;;;
1358;17,46173668;22,15014839;;;
1359;17,50436401;22,21341705;;;
1360;17,56006432;22,29104424;;;
1361;17,59310722;22,3552494;;;
1362;17,63194656;22,40870857;;;
1363;17,68087387;22,48238373;;;
1364;17,72459221;22,54730988;;;
1365;17,76187706;22,59164429;;;
1366;17,7970314;22,64504814;;;
1367;17,82884979;22,68305206;;;
1368;17,86036873;22,72079659;;;
1369;17,89209175;22,7742424;;;
1370;17,93039322;22,83110237;;;
1371;17,95588493;22,86584282;;;
1372;18,00491524;22,92406845;;;
1373;18,05088043;22,99436569;;;
1374;18,0851078;23,05103302;;;
1375;18,13309288;23,10087013;;;
1376;18,17803192;23,16047478;;;
1377;18,21430969;23,19567108;;;
1378;18,25006104;23,24940491;;;
1379;18,28512383;23,30056;;;
1380;18,3086834;23,3618679;;;
1381;18,32904243;23,38571548;;;
1382;18,34745407;23,42404175;;;
1383;18,34568214;23,45052528;;;
1384;18,35184479;23,47786713;;;
1385;18,36524582;23,50138092;;;
1386;18,36936188;23,51810837;;;
1387;18,38364983;23,52916908;;;
1388;18,39262199;23,55698776;;;
1389;18,40709496;23,58432198;;;
1390;18,41719627;23,61599541;;;
1391;18,43941879;23,62699699;;;
1392;18,44519615;23,65441704;;;
1393;18,44028473;23,67769241;;;
1394;18,4472847;23,69112396;;;
1395;18,44316101;23,69533348;;;
1396;18,45287132;23,70427895;;;
1397;18,43530464;23,71026039;;;
1398;18,4473114;23,73187828;;;
1399;18,44073677;23,74525452;;;
1400;18,46240616;23,78409004;;;
1401;18,46756554;23,81090927;;;
1402;18,50158501;23,86742783;;;
1403;18,52070808;23,91484261;;;
1404;18,5668869;23,97938156;;;
1405;18,60758972;24,06532669;;;
1406;18,64739609;24,14067841;;;
1407;18,69941711;24,21327019;;;
1408;18,76086235;24,30076599;;;
1409;18,80822945;24,38482285;;;
1410;18,86760712;24,46961594;;;
1411;18,91161919;24,55302811;;;
1412;18,99570656;24,62002373;;;
1413;19,02414894;24,72806358;;;
1414;19,09091949;24,81220627;;;
1415;19,15737724;24,90592957;;;
1416;19,21404457;25,00705719;;;
1417;19,28761864;25,12350464;;;
1418;19,35728645;25,24955368;;;
1419;19,44070244;25,35859871;;;
1420;19,50214386;25,47635078;;;
1421;19,58677292;25,62846184;;;
1422;19,6756897;25,72079277;;;
1423;19,70217133;25,79711914;;;
1424;19,80358124;25,95057106;;;
1425;19,87847328;26,06560516;;;
1426;19,95367432;26,16633224;;;
1427;20,00588417;26,25434494;;;
1428;20,0687542;26,36483574;;;
1429;20,11753082;26,45866203;;;
1430;20,18501663;26,5590229;;;
1431;20,23990059;26,65990829;;;
1432;20,30630112;26,75649452;;;
1433;20,36131859;26,87238121;;;
1434;20,41650772;26,97900009;;;
1435;20,48414993;27,09778595;;;
1436;20,55701828;27,22592926;;;
1437;20,62129593;27,33320808;;;
1438;20,6907959;27,45618439;;;
1439;20,76183319;27,57163429;;;
1440;20,82242012;27,6831398;;;
1441;20,88169098;27,78105354;;;
1442;20,94733429;27,88018227;;;
1443;21,01329231;27,97723389;;;
1444;21,05822945;28,07143593;;;
1445;21,1052227;28,19299126;;;
1446;21,15846634;28,23340034;;;
1447;21,20658493;28,33606529;;;
1448;21,26215363;28,43767357;;;
1449;21,31929398;28,55476952;;;
1450;21,36292458;28,64676094;;;
1451;21,42707253;28,7635479;;;
1452;21,49538994;28,87949371;;;
1453;21,54988289;28,99696732;;;
1454;21,61756325;29,10259438;;;
1455;21,68321609;29,22820663;;;
1456;21,74609947;29,33103943;;;
1457;21,80970383;29,44455528;;;
1458;21,87136841;29,54767609;;;
1459;21,93276405;29,61453247;;;
1460;21,9731369;29,70740509;;;
1461;22,03946495;29,82954597;;;
1462;22,08546638;29,90226173;;;
1463;22,13221931;29,98698425;;;
1464;22,18259048;30,07906342;;;
1465;22,23265839;30,17718506;;;
1466;22,28781891;30,30326462;;;
1467;22,34726906;30,37864876;;;
1468;22,40133476;30,48630905;;;
1469;22,45690536;30,58197212;;;
1470;22,52106285;30,70801735;;;
1471;22,58089066;30,80106354;;;
1472;22,65320206;30,91460419;;;
1473;22,71274757;31,01262665;;;
1474;22,77828598;31,11409187;;;
1475;22,83512306;31,20486069;;;
1476;22,87899971;31,29004288;;;
1477;22,93887711;31,39444351;;;
1478;22,98097992;31,45667839;;;
1479;23,0336628;31,5492897;;;
1480;23,08988762;31,63237953;;;
1481;23,13489151;31,71730042;;;
1482;23,17755508;31,81194687;;;
1483;23,22909546;31,90234375;;;
1484;23,2884922;32,00123978;;;
1485;23,33886719;32,09623337;;;
1486;23,40633774;32,20716858;;;
1487;23,46627617;32,30883408;;;
1488;23,52345657;32,40686798;;;
1489;23,58559608;32,52145004;;;
1490;23,65545273;32,60348511;;;
1491;23,7107048;32,69754028;;;
1492;23,7706356;32,78523636;;;
1493;23,82441139;32,86838913;;;
1494;23,88460541;32,94346237;;;
1495;23,95306587;33,02867889;;;
1496;23,97737885;33,09645081;;;
1497;24,03279877;33,19791412;;;
1498;24,08025169;33,26620483;;;
1499;24,13817406;33,34234619;;;
1500;24,19655609;33,42092514;;;
1501;24,23890686;33,50827408;;;
1502;24,28816986;33,58150864;;;
1503;24,32971954;33,67052841;;;
1504;24,43255424;33,79135895;;;
1505;24,47493362;33,91110229;;;
1506;24,53868675;33,98324203;;;
1507;24,59273529;34,05993271;;;
1508;24,65661812;34,13935852;;;
1509;24,70581818;34,23254013;;;
1510;24,77777863;34,32189178;;;
1511;24,85734558;34,38846588;;;
1512;24,88709641;34,4614296;;;
1513;24,9408474;34,52863312;;;
1514;24,98980904;34,60515594;;;
1515;25,03963089;34,66111755;;;
1516;25,08888817;34,74107742;;;
1517;25,14520264;34,81075287;;;
1518;25,19615936;34,90081406;;;
1519;25,24526215;34,96093369;;;
1520;25,30112648;35,05717468;;;
1521;25,37548256;35,1485405;;;
1522;25,4235363;35,24406433;;;
1523;25,47198868;35,30738449;;;
1524;25,53325081;35,38710785;;;
1525;25,60780334;35,46918488;;;
1526;25,67598724;35,55986404;;;
1527;25,72363853;35,64882278;;;
1528;25,76451874;35,68252182;;;
1529;25,82543182;35,76941681;;;
1530;25,91203117;35,83980179;;;
1531;25,95050621;35,92501068;;;
1532;25,97643661;35,93886948;;;
1533;26,04587746;36,02814865;;;
1534;26,11468697;36,10390854;;;
1535;26,15069389;36,17101669;;;
1536;26,17720985;36,22166061;;;
1537;26,24044991;36,29469681;;;
1538;26,29997635;36,39028931;;;
1539;26,37842369;36,48731232;;;
1540;26,41231155;36,53469849;;;
1541;26,46102905;36,58853531;;;
1542;26,54135895;36,70899582;;;
1543;26,61247253;36,78717422;;;
1544;26,65990067;36,83978271;;;
1545;26,71820259;36,91424179;;;
1546;26,77493477;36,9742012;;;
1547;26,84810448;37,05579376;;;
1548;26,90209961;37,12507629;;;
1549;26,94579315;37,19496918;;;
1550;27,00227737;37,24271774;;;
1551;27,05926895;37,30326462;;;
1552;27,11574936;37,36338806;;;
1553;27,15445709;37,44519806;;;
1554;27,2018528;37,48717499;;;
1555;27,25938797;37,55049515;;;
1556;27,32605362;37,63669586;;;
1557;27,35489082;37,72787094;;;
1558;27,42655182;37,7526207;;;
1559;27,47795868;37,84601974;;;
1560;27,55101967;37,93008804;;;
1561;27,60072899;38,04634094;;;
1562;27,62852097;38,06825256;;;
1563;27,71427345;38,12607956;;;
1564;27,80556297;38,23393631;;;
1565;27,8375473;38,33473206;;;
1566;27,90502357;38,36623383;;;
1567;27,93009186;38,39447021;;;
1568;28,02383232;38,50481415;;;
1569;28,06494522;38,57704544;;;
1570;28,09250641;38,59986496;;;
1571;28,15780258;38,67713165;;;
1572;28,2430954;38,77383804;;;
1573;28,27694702;38,80438232;;;
1574;28,3135643;38,87167358;;;
1575;28,38044739;38,95265579;;;
1576;28,43191528;39,02049255;;;
1577;28,48787689;39,09788132;;;
1578;28,53468132;39,16557312;;;
1579;28,59674072;39,25008011;;;
1580;28,65570831;39,33862305;;;
1581;28,69652557;39,39003754;;;
1582;28,77581978;39,46596909;;;
1583;28,83712387;39,55593109;;;
1584;28,88941193;39,62749481;;;
1585;28,93865204;39,68749237;;;
1586;29,01075554;39,77845764;;;
1587;29,07198906;39,83582687;;;
1588;29,12116432;39,8892746;;;
1589;29,15106964;39,94367218;;;
1590;29,22159767;40,02758408;;;
1591;29,2808857;40,08585358;;;
1592;29,33219337;40,15595245;;;
1593;29,36184311;40,22915268;;;
1594;29,43020439;40,31423187;;;
1595;29,48390579;40,38659286;;;
1596;29,51554298;40,42177963;;;
1597;29,59077072;40,53382874;;;
1598;29,65866661;40,62006378;;;
1599;29,70046425;40,68391418;;;
1600;29,76358795;40,76695633;;;
1601;29,81658936;40,83650589;;;
1602;29,87583351;40,93280792;;;
1603;29,94320297;41,01227951;;;
1604;30,0117321;41,08254623;;;
1605;30,03507042;41,15195847;;;
1606;30,11102295;41,22360992;;;
1607;30,17721558;41,31829453;;;
1608;30,22219276;41,37765884;;;
1609;30,26659775;41,42896652;;;
1610;30,3404808;41,53571701;;;
1611;30,38479042;41,60903549;;;
1612;30,42041969;41,63903427;;;
1613;30,47991371;41,7214241;;;
1614;30,55005646;41,8358078;;;
1615;30,56749344;41,90244675;;;
1616;30,63464165;41,97549057;;;
1617;30,70206261;42,01583481;;;
1618;30,76951599;42,15210342;;;
1619;30,80435371;42,22224426;;;
1620;30,83212662;42,2907486;;;
1621;30,9071064;42,3536911;;;
1622;31,00648308;42,4825325;;;
1623;31,02813148;42,53138733;;;
1624;31,06599426;42,60649872;;;
1625;31,16633034;42,74586868;;;
1626;31,21742821;42,79946518;;;
1627;31,25174332;42,87122345;;;
1628;31,3165493;42,94131088;;;
1629;31,37768555;43,03334427;;;
1630;31,41867256;43,10167313;;;
1631;31,46404266;43,18526077;;;
1632;31,53557396;43,2736702;;;
1633;31,58728409;43,33784103;;;
1634;31,61911964;43,39255524;;;
1635;31,67455482;43,49090576;;;
1636;31,73783112;43,59293747;;;
1637;31,78784561;43,65882111;;;
1638;31,83095169;43,71672058;;;
1639;31,89363861;43,82969284;;;
1640;31,95240211;43,91879272;;;
1641;31,99557114;43,96126175;;;
1642;32,05417252;44,07523346;;;
1643;32,11074829;44,18002701;;;
1644;32,17715836;44,24489594;;;
1645;32,2057991;44,30908203;;;
1646;32,27896881;44,43239975;;;
1647;32,34830856;44,48841476;;;
1648;32,37924576;44,54173279;;;
1649;32,44430161;44,67457962;;;
1650;32,50275421;44,74480438;;;
1651;32,55356979;44,81377029;;;
1652;32,60583115;44,8884201;;;
1653;32,65591431;44,98206711;;;
1654;32,71563721;45,07158279;;;
1655;32,75828552;45,13050461;;;
1656;32,81311798;45,21656036;;;
1657;32,87171555;45,31036758;;;
1658;32,90736008;45,37397766;;;
1659;32,96009827;45,45410538;;;
1660;33,02320862;45,56910706;;;
1661;33,07152557;45,65764236;;;
1662;33,11167526;45,68835068;;;
1663;33,16822815;45,82382965;;;
1664;33,2508049;45,90158081;;;
1665;33,27715302;45,96754837;;;
1666;33,3257637;46,01356888;;;
1667;33,38972473;46,16461182;;;
1668;33,46002579;46,2397728;;;
1669;33,48601151;46,28542709;;;
1670;33,54899979;46,36167145;;;
1671;33,61639023;46,49611282;;;
1672;33,663414;46,54336929;;;
1673;33,67885208;46,59326935;;;
1674;33,75087738;46,71397018;;;
1675;33,83124924;46,78596878;;;
1676;33,85216141;46,85417557;;;
1677;33,89190674;46,93938446;;;
1678;33,95479202;47,0192337;;;
1679;34,01860046;47,08530426;;;
1680;34,04315186;47,15347672;;;
1681;34,09412003;47,26152802;;;
1682;34,15847778;47,33682632;;;
1683;34,19380188;47,39697647;;;
1684;34,24901962;47,51214981;;;
1685;34,31223297;47,58585739;;;
1686;34,35245514;47,61534119;;;
1687;34,39304352;47,75181961;;;
1688;34,46138382;47,81615829;;;
1689;34,51863861;47,88803864;;;
1690;34,55565262;47,92849731;;;
1691;34,60601807;48,06858063;;;
1692;34,68075562;48,13049316;;;
1693;34,70474625;48,19902039;;;
1694;34,75650406;48,25367737;;;
1695;34,83709335;48,37454987;;;
1696;34,86305618;48,41004181;;;
1697;34,89183807;48,47156143;;;
1698;34,96631622;48,60520935;;;
1699;35,02023315;48,65372086;;;
1700;35,06505966;48,72275543;;;
1701;35,10308838;48,78794861;;;
1702;35,13615799;48,85970688;;;
1703;35,19777298;48,94187927;;;
1704;35,26076508;49,0172081;;;
1705;35,28982544;49,08230209;;;
1706;35,35099411;49,16598511;;;
1707;35,40138626;49,24202728;;;
1708;35,43297195;49,3151474;;;
1709;35,49034119;49,37733078;;;
1710;35,55814743;49,46367645;;;
1711;35,5760994;49,54362106;;;
1712;35,63933945;49,5875206;;;
1713;35,71178436;49,67023849;;;
1714;35,75188065;49,73912811;;;
1715;35,76477814;49,80621719;;;
1716;35,82342148;49,87548065;;;
1717;35,90268326;49,95183182;;;
1718;35,92435074;50,02250671;;;
1719;35,9472084;50,07211685;;;
1720;36,02641678;50,15034485;;;
1721;36,08859634;50,21514893;;;
1722;36,11582947;50,26499176;;;
1723;36,12459946;50,3184967;;;
1724;36,21650314;50,44840622;;;
1725;36,25602341;50,47113419;;;
1726;36,28990173;50,52177811;;;
1727;36,34168625;50,59846497;;;
1728;36,38976669;50,67455292;;;
1729;36,43040085;50,73653412;;;
1730;36,47333908;50,78111267;;;
1731;36,53264618;50,86329651;;;
1732;36,56882477;50,9309845;;;
1733;36,60904312;50,97436905;;;
1734;36,65409088;51,05572891;;;
1735;36,71255875;51,12244415;;;
1736;36,75757217;51,15674591;;;
1737;36,79144669;51,22163391;;;
1738;36,85147476;51,30265808;;;
1739;36,89599609;51,34497452;;;
1740;36,93478394;51,39339447;;;
1741;36,98093796;51,47603607;;;
1742;37,03228378;51,54787445;;;
1743;37,06831741;51,57806396;;;
1744;37,09267807;51,61508179;;;
1745;37,16617584;51,71362305;;;
1746;37,20266724;51,74529648;;;
1747;37,21349716;51,77918243;;;
1748;37,30594635;51,88672638;;;
1749;37,32877731;51,93317413;;;
1750;37,37104034;51,95653534;;;
1751;37,40671539;52,02370453;;;
1752;37,46479797;52,08061218;;;
1753;37,49945068;52,15029144;;;
1754;37,52170181;52,17974091;;;
1755;37,57120132;52,23498535;;;
1756;37,63388443;52,30535126;;;
1757;37,65859222;52,35092545;;;
1758;37,70574188;52,39343643;;;
1759;37,75466537;52,4677887;;;
1760;37,77890015;52,50772858;;;
1761;37,81446075;52,54671097;;;
1762;37,89546585;52,61449814;;;
1763;37,91446686;52,6341095;;;
1764;37,92461014;52,67430115;;;
1765;37,99063873;52,7763443;;;
1766;38,05963516;52,79291916;;;
1767;38,08384323;52,82605743;;;
1768;38,08154297;52,85650635;;;
1769;38,14295197;52,98075104;;;
1770;38,22478485;52,97084427;;;
1771;38,23044205;53,01664352;;;
1772;38,23824692;53,02111053;;;
1773;38,32886887;53,14622498;;;
1774;38,33950806;53,14095688;;;
1775;38,37491989;53,18265533;;;
1776;38,42140198;53,2383194;;;
1777;38,46067047;53,27004623;;;
1778;38,48173904;53,30054092;;;
1779;38,53861237;53,35479355;;;
1780;38,56809235;53,41329575;;;
1781;38,61103058;53,44927979;;;
1782;38,64764404;53,484375;;;
1783;38,68673325;53,51347351;;;
1784;38,72720718;53,56112289;;;
1785;38,75139618;53,59811783;;;
1786;38,80682373;53,65402603;;;
1787;38,82920456;53,67810059;;;
1788;38,86312103;53,71496582;;;
1789;38,91491699;53,75832367;;;
1790;38,93333435;53,79229355;;;
1791;38,96936417;53,8535881;;;
1792;39,01344681;53,86581421;;;
1793;39,05929184;53,88600922;;;
1794;39,08396149;53,92649841;;;
1795;39,10552979;53,97437668;;;
1796;39,15258408;53,9969635;;;
1797;39,18045044;54,02035522;;;
1798;39,21153641;54,04286957;;;
1799;39,24185944;54,09027481;;;
1800;39,26974106;54,13508606;;;
1801;39,31930542;54,17308807;;;
1802;39,36246109;54,19505692;;;
1803;39,40526962;54,23428345;;;
1804;39,42070389;54,27387238;;;
1805;39,44963074;54,31497574;;;
1806;39,48575211;54,33524704;;;
1807;39,51861572;54,36782837;;;
1808;39,55327988;54,39007187;;;
1809;39,59226608;54,41756821;;;
1810;39,62914658;54,44612503;;;
1811;39,66154861;54,48175812;;;
1812;39,69323349;54,51077652;;;
1813;39,74201584;54,51987457;;;
1814;39,7540741;54,55095673;;;
1815;39,78915405;54,59521484;;;
1816;39,81618118;54,6200676;;;
1817;39,85141373;54,65698242;;;
1818;39,88037872;54,67850494;;;
1819;39,91672516;54,72571945;;;
1820;39,94618607;54,74904633;;;
1821;39,97467041;54,78285599;;;
1822;39,99369812;54,79816055;;;
1823;40,02193451;54,83362579;;;
1824;40,06002426;54,86593246;;;
1825;40,09353638;54,88961792;;;
1826;40,1187706;54,89776611;;;
1827;40,1516304;54,93379974;;;
1828;40,18334579;54,9569664;;;
1829;40,2167244;54,97729111;;;
1830;40,24460602;55,00999069;;;
1831;40,27009583;55,00424957;;;
1832;40,31678391;55,04571152;;;
1833;40,33488846;55,07751083;;;
1834;40,36684036;55,12136078;;;
1835;40,42311478;55,16715622;;;
1836;40,4296875;55,20240784;;;
1837;40,45311737;55,20958328;;;
1838;40,48160172;55,26419449;;;
1839;40,52148819;55,30155945;;;
1840;40,526474;55,31279373;;;
1841;40,56672287;55,3694725;;;
1842;40,5800972;55,38726425;;;
1843;40,61541748;55,4144783;;;
1844;40,63740921;55,44285583;;;
1845;40,66120148;55,46776581;;;
1846;40,71128845;55,55070496;;;
1847;40,73571396;55,53179932;;;
1848;40,74934006;55,55298996;;;
1849;40,78188324;55,57331848;;;
1850;40,80003357;55,5923233;;;
1851;40,82492447;55,61489868;;;
1852;40,85792542;55,65441895;;;
1853;40,88954926;55,69042587;;;
1854;40,91386795;55,71746826;;;
1855;40,94539642;55,74426651;;;
1856;40,97167969;55,76909637;;;
1857;40,99353027;55,78424454;;;
1858;41,0060997;55,80900955;;;
1859;41,0437355;55,80485916;;;
1860;41,09011078;55,83059692;;;
1861;41,10323334;55,82917786;;;
1862;41,1279068;55,83945084;;;
1863;41,1397438;55,85743332;;;
1864;41,16496277;55,86484528;;;
1865;41,19906235;55,88943863;;;
1866;41,22713089;55,91598129;;;
1867;41,24927139;55,95530701;;;
1868;41,26353455;55,99166107;;;
1869;41,30548477;56,03642273;;;
1870;41,3252182;56,0936203;;;
1871;41,32952118;56,09359741;;;
1872;41,35256958;56,15236664;;;
1873;41,38013458;56,21255493;;;
1874;41,39614105;56,23807907;;;
1875;41,41751099;56,25469208;;;
1876;41,42933655;56,26729202;;;
1877;41,43474197;56,27449036;;;
1878;41,4596138;56,28741837;;;
1879;41,48430634;56,28905869;;;
1880;41,51285934;56,30133057;;;
1881;41,54266357;56,30332184;;;
1882;41,5612793;56,31787872;;;
1883;41,59088135;56,33852005;;;
1884;41,62361908;56,34350586;;;
1885;41,65352631;56,37884903;;;
1886;41,68566513;56,40047836;;;
1887;41,69124603;56,40586472;;;
1888;41,71642685;56,4318161;;;
1889;41,75774002;56,46338654;;;
1890;41,76148605;56,46061707;;;
1891;41,79323196;56,48130035;;;
1892;41,79887009;56,48031235;;;
1893;41,81867599;56,51548386;;;
1894;41,83460999;56,51820755;;;
1895;41,85776901;56,52878189;;;
1896;41,87611008;56,55760193;;;
1897;41,89652252;56,58203888;;;
1898;41,91998672;56,6026268;;;
1899;41,9355545;56,62286377;;;
1900;41,94855881;56,64103699;;;
1901;41,97651672;56,67567825;;;
1902;41,98543549;56,67284012;;;
1903;42,00038147;56,69978714;;;
1904;42,01549911;56,72967529;;;
1905;42,02788162;56,74871063;;;
1906;42,04418182;56,74790192;;;
1907;42,05894852;56,75736618;;;
1908;42,07024002;56,79172897;;;
1909;42,07636261;56,79830933;;;
1910;42,10677719;56,80320358;;;
1911;42,12722778;56,80664063;;;
1912;42,16027832;56,84555054;;;
1913;42,17012787;56,8846283;;;
1914;42,12348938;56,86314011;;;
1915;42,19595718;56,89048767;;;
1916;42,212883;56,90639496;;;
1917;42,22225189;56,90813065;;;
1918;42,24004364;56,93977356;;;
1919;42,26561737;56,96493912;;;
1920;42,29981995;56,93748474;;;
1921;42,26305008;56,95927811;;;
1922;42,30681229;56,97950745;;;
1923;42,34257889;57,02780914;;;
1924;42,3770256;56,99760818;;;
1925;42,34198761;57,0255394;;;
1926;42,36502838;57,08390045;;;
1927;42,38895416;57,0433197;;;
1928;42,40647125;57,04051208;;;
1929;42,45028687;57,08486938;;;
1930;42,36407089;57,08706284;;;
1931;42,43399048;57,09301758;;;
1932;42,45954895;57,09856033;;;
1933;42,4721489;57,12114716;;;
1934;42,48690033;57,12590027;;;
1935;42,54723358;57,14107132;;;
1936;42,50413132;57,19646835;;;
1937;42,51266479;57,15749741;;;
1938;42,52804947;57,11827087;;;
1939;42,54071808;57,18754578;;;
1940;42,54965973;57,19258881;;;
1941;42,57175827;57,20439529;;;
1942;42,581707;57,20274353;;;
1943;42,60021591;57,22192383;;;
1944;42,60947418;57,21625137;;;
1945;42,60704041;57,22813416;;;
1946;42,62571335;57,22404099;;;
1947;42,64154816;57,23734665;;;
1948;42,63835144;57,2474556;;;
1949;42,65542984;57,24290466;;;
1950;42,64719009;57,30309296;;;
1951;42,70112991;57,28526306;;;
1952;42,69313049;57,28750229;;;
1953;42,70157242;57,28509521;;;
1954;42,69747925;57,2571106;;;
1955;42,73101425;57,33843613;;;
1956;42,72122192;57,3267746;;;
1957;42,72995377;57,33058548;;;
1958;42,74532318;57,3266449;;;
1959;42,75094986;57,33276749;;;
1960;42,76269531;57,35456848;;;
1961;42,78234863;57,35495758;;;
1962;42,78852463;57,36068344;;;
1963;42,77498245;57,36103821;;;
1964;42,79944229;57,37054825;;;
1965;42,80412292;57,36338043;;;
1966;42,80360794;57,3782196;;;
1967;42,81504059;57,37553787;;;
1968;42,83303833;57,36560059;;;
1969;42,83012772;57,38713837;;;
1970;42,82990646;57,39006805;;;
1971;42,84019852;57,39294434;;;
1972;42,86487579;57,39185333;;;
1973;42,86217499;57,40395355;;;
1974;42,86805344;57,40700531;;;
1975;42,86677933;57,39697647;;;
1976;42,8891983;57,40742493;;;
1977;42,89031219;57,44395828;;;
1978;42,88591385;57,39004517;;;
1979;42,87332153;57,3876152;;;
1980;42,92996216;57,45555878;;;
1981;42,89661407;57,42543411;;;
1982;42,9013443;57,42504501;;;
1983;42,91640854;57,41694641;;;
1984;42,93697357;57,44918442;;;
1985;42,91393661;57,42367935;;;
1986;42,92432022;57,42489624;;;
1987;42,93835831;57,44643784;;;
1988;42,93162537;57,43600845;;;
1989;42,94607925;57,4069519;;;
1990;42,98308945;57,45760727;;;
1991;42,93621063;57,43598175;;;
1992;42,93629074;57,37909698;;;
1993;42,96432495;57,42663193;;;
1994;42,96828079;57,42849731;;;
1995;42,96469116;57,41388321;;;
1996;42,95537567;57,4252739;;;
1997;42,96411896;57,42892456;;;
1998;42,96391296;57,39547729;;;
1999;42,97818375;57,42510605;;;
2000;42,97066116;57,4319725;;;
2001;42,97103119;57,42819977;;;
2002;43,00801086;57,46025848;;;
2003;42,99017334;57,41094208;;;
2004;42,97004318;57,42931366;;;
2005;42,99848938;57,45909119;;;
2006;42,99370956;57,44073486;;;
2007;42,97408295;57,37590027;;;
2008;43,00063705;57,42621613;;;
2009;43,02067947;57,462883;;;
2010;42,99777222;57,4213028;;;
2011;42,9708519;57,36791611;;;
2012;43,02825928;57,43948746;;;
2013;43,02191925;57,41101456;;;
2014;42,98545837;57,36707306;;;
2015;43,00247192;57,42775345;;;
2016;43,0170517;57,39624405;;;
2017;43,00371552;57,38583374;;;
2018;43,00989532;57,39648819;;;
2019;43,00292206;57,37089539;;;
2020;43,01267624;57,38385391;;;
2021;42,99468613;57,3708725;;;
2022;43,01230621;57,36271667;;;
2023;43,00715256;57,35503387;;;
2024;43,00710297;57,37117386;;;
2025;43,00984573;57,34469223;;;
2026;43,0020256;57,31521225;;;
2027;42,99248505;57,35004425;;;
2028;43,01224518;57,33077621;;;
2029;43,0042038;57,26686859;;;
2030;42,97710419;57,33889389;;;
2031;42,98228455;57,30913162;;;
2032;43,0030632;57,2842598;;;
2033;42,96619797;57,2466507;;;
2034;42,97672272;57,26962662;;;
2035;42,967556;57,25323486;;;
2036;42,93951797;57,20547867;;;
2037;42,96421051;57,24547577;;;
2038;42,9593277;57,18762207;;;
2039;42,93635941;57,15527344;;;
2040;42,91576004;57,15086365;;;
2041;42,90222168;57,13562775;;;
2042;42,89293671;57,09362793;;;
2043;42,9176445;57,07679367;;;
2044;42,88382721;57,05112076;;;
2045;42,86109543;57,02508545;;;
2046;42,87307358;57,01529312;;;
2047;42,8174057;57,01189804;;;
2048;42,81718445;56,91244507;;;
2049;42,81695938;56,92088699;;;
2050;42,7744751;56,91482544;;;
2051;42,74461365;56,85090256;;;
2052;42,76146698;56,76156235;;;
2053;42,70998001;56,81416321;;;
2054;42,69209671;56,73795319;;;
2055;42,63446808;56,69199371;;;
2056;42,68721008;56,63412857;;;
2057;42,6070137;56,61022186;;;
2058;42,58303452;56,55295181;;;
2059;42,50810242;56,4780426;;;
2060;42,54618454;56,51218414;;;
2061;42,48102188;56,41646957;;;
2062;42,44412613;56,36522293;;;
2063;42,40338898;56,30868149;;;
2064;42,38254166;56,25398636;;;
2065;42,33401108;56,19816208;;;
2066;42,30613708;56,14418411;;;
2067;42,25968552;56,08930588;;;
2068;42,22323227;56,03833008;;;
2069;42,18604279;55,9786377;;;
2070;42,13286209;55,89076996;;;
2071;42,1024437;55,85311508;;;
2072;42,05693436;55,79509735;;;
2073;41,99589539;55,67969513;;;
2074;41,95062637;55,65820313;;;
2075;41,94111633;55,59508133;;;
2076;41,87184143;55,5177803;;;
2077;41,79634476;55,40690613;;;
2078;41,78726196;55,37703705;;;
2079;41,72964859;55,30736542;;;
2080;41,66344833;55,20141602;;;
2081;41,65207291;55,18056107;;;
2082;41,57402802;55,08667755;;;
2083;41,5375824;55,01375198;;;
2084;41,48764038;54,9436264;;;
2085;41,43824005;54,87265778;;;
2086;41,40769577;54,8012085;;;
2087;41,33639526;54,72595596;;;
2088;41,28313065;54,67620087;;;
2089;41,25898361;54,58483124;;;
2090;41,20964432;54,49564362;;;
2091;41,12537384;54,45638275;;;
2092;41,09870911;54,36711121;;;
2093;41,06686783;54,27387238;;;
2094;41,00300217;54,22924805;;;
2095;40,93052292;54,16352081;;;
2096;40,90698624;54,06053543;;;
2097;40,88666916;53,96927643;;;
2098;40,80183029;53,94818115;;;
2099;40,70843124;53,84440994;;;
2100;40,69831085;53,75299454;;;
2101;40,69280243;53,70576859;;;
2102;40,5932312;53,61836624;;;
2103;40,53489685;53,54522324;;;
2104;40,45316315;53,42231369;;;
2105;40,45713425;53,42937088;;;
2106;40,38100052;53,31581879;;;
2107;40,32489395;53,23097229;;;
2108;40,27318954;53,16383362;;;
2109;40,23311234;53,09971619;;;
2110;40,19414902;53,0206604;;;
2111;40,12093353;52,954422;;;
2112;40,09088135;52,88111496;;;
2113;40,0528183;52,8211937;;;
2114;39,99462509;52,76078033;;;
2115;39,95772171;52,68446732;;;
2116;39,95062256;52,6477356;;;
2117;39,90586853;52,60485458;;;
2118;39,8485527;52,52951431;;;
2119;39,8465538;52,50583267;;;
2120;39,81398773;52,46571732;;;
2121;39,77971268;52,40697861;;;
2122;39,76725006;52,36748886;;;
2123;39,74422073;52,37153625;;;
2124;39,72512436;52,30179977;;;
2125;39,71485901;52,28673172;;;
2126;39,71324539;52,28559494;;;
2127;39,6906929;52,23804092;;;
2128;39,66674042;52,20730209;;;
2129;39,67294312;52,19407654;;;
2130;39,65039444;52,17228699;;;
2131;39,64787674;52,14202881;;;
2132;39,6581459;52,13096619;;;
2133;39,6301651;52,13172913;;;
2134;39,6151123;52,1098671;;;
2135;39,62103653;52,05109787;;;
2136;39,61272812;52,05945206;;;
2137;39,59602356;52,05196762;;;
2138;39,59877396;52,03686905;;;
2139;39,61730957;51,98393631;;;
2140;39,56039429;52,00835419;;;
2141;39,58176804;51,96946335;;;
2142;39,57697678;51,9589653;;;
2143;39,59319305;51,91726685;;;
2144;39,52825165;51,94246292;;;
2145;39,54957199;51,90640259;;;
2146;39,54242706;51,87864304;;;
2147;39,55052185;51,87704086;;;
2148;39,52367401;51,85654831;;;
2149;39,5110321;51,81914139;;;
2150;39,50530624;51,80423355;;;
2151;39,5038414;51,77801132;;;
2152;39,46623993;51,73644257;;;
2153;39,46630859;51,73044968;;;
2154;39,43444061;51,70155334;;;
2155;39,43398285;51,65745544;;;
2156;39,42061996;51,64048004;;;
2157;39,38826752;51,60543442;;;
2158;39,36975098;51,5761795;;;
2159;39,35509491;51,54129791;;;
2160;39,3187561;51,50803757;;;
2161;39,30921173;51,4679985;;;
2162;39,28992462;51,43040466;;;
2163;39,26408768;51,38964081;;;
2164;39,23162079;51,35333633;;;
2165;39,18585968;51,29845047;;;
2166;39,15947723;51,24775696;;;
2167;39,13852692;51,20994568;;;
2168;39,09888458;51,16421509;;;
2169;39,05302429;51,10472488;;;
2170;39,01753235;51,05584335;;;
2171;38,97285843;50,98437119;;;
2172;38,94395065;50,9233284;;;
2173;38,89616394;50,86324692;;;
2174;38,85574341;50,79650116;;;
2175;38,79042435;50,70946121;;;
2176;38,74365234;50,64013672;;;
2177;38,70298386;50,58783722;;;
2178;38,64159775;50,52168274;;;
2179;38,57357407;50,42012787;;;
2180;38,52586365;50,3650856;;;
2181;38,47542191;50,29248047;;;
2182;38,40016174;50,21966553;;;
2183;38,37136841;50,13470078;;;
2184;38,30681992;50,05327988;;;
2185;38,21838379;49,94533539;;;
2186;38,18741226;49,91452789;;;
2187;38,11893082;49,77124786;;;
2188;38,06316757;49,71545792;;;
2189;37,99701691;49,61862183;;;
2190;37,93893433;49,5283699;;;
2191;37,87640381;49,4393425;;;
2192;37,81552124;49,35681915;;;
2193;37,77145767;49,2511673;;;
2194;37,70387268;49,17391586;;;
2195;37,64512253;49,079216;;;
2196;37,57593155;48,98608017;;;
2197;37,52960587;48,91035843;;;
2198;37,47957993;48,83631897;;;
2199;37,43098831;48,73493195;;;
2200;37,33132172;48,60827255;;;
2201;37,31716156;48,59834671;;;
2202;37,22943497;48,4573822;;;
2203;37,18177414;48,38323593;;;
2204;37,12499237;48,30377197;;;
2205;37,06454849;48,22964478;;;
2206;37,01077271;48,13500595;;;
2207;36,95619583;48,05953979;;;
2208;36,90859222;47,98658371;;;
2209;36,86470795;47,92120361;;;
2210;36,79536438;47,82848358;;;
2211;36,74879837;47,78321838;;;
2212;36,68754578;47,67189407;;;
2213;36,65031815;47,63011932;;;
2214;36,60315704;47,55000687;;;
2215;36,55796814;47,50173569;;;
2216;36,51213837;47,42954254;;;
2217;36,47014236;47,373909;;;
2218;36,43775177;47,3075676;;;
2219;36,40751648;47,24288559;;;
2220;36,37091064;47,20623398;;;
2221;36,34486389;47,16629791;;;
2222;36,30264282;47,09754944;;;
2223;36,28014755;47,06600189;;;
2224;36,25973511;47,02216339;;;
2225;36,2297821;46,97972107;;;
2226;36,20306778;46,95031357;;;
2227;36,18192673;46,92530441;;;
2228;36,16318893;46,89832306;;;
2229;36,15929794;46,8535881;;;
2230;36,14213943;46,82608795;;;
2231;36,11740112;46,80838394;;;
2232;36,11203003;46,77695465;;;
2233;36,09099579;46,76253128;;;
2234;36,09115601;46,74082184;;;
2235;36,09660721;46,72765732;;;
2236;36,082901;46,71892548;;;
2237;36,07569122;46,69994354;;;
2238;36,07061386;46,68324661;;;
2239;36,06279755;46,66703415;;;
2240;36,06645203;46,66149139;;;
2241;36,06585312;46,6629715;;;
2242;36,06100845;46,64686584;;;
2243;36,06387329;46,65425873;;;
2244;36,07104874;46,64473724;;;
2245;36,07892227;46,6425705;;;
2246;36,07275009;46,64477539;;;
2247;36,0669899;46,63409805;;;
2248;36,06755066;46,62766266;;;
2249;36,08685303;46,64756012;;;
2250;36,08625793;46,63389587;;;
2251;36,08490372;46,63044357;;;
2252;36,09482956;46,66134644;;;
2253;36,10232925;46,65215683;;;
2254;36,11399078;46,64405823;;;
2255;36,11930084;46,64965439;;;
2256;36,12770081;46,6669426;;;
2257;36,13827515;46,66064835;;;
2258;36,14306641;46,66439438;;;
2259;36,15890121;46,67575836;;;
2260;36,16991425;46,68797684;;;
2261;36,16728592;46,68279648;;;
2262;36,16981888;46,68334198;;;
2263;36,17531586;46,68797302;;;
2264;36,19272232;46,69553757;;;
2265;36,19246674;46,70397186;;;
2266;36,20084381;46,7118454;;;
2267;36,19792938;46,72387314;;;
2268;36,19293976;46,73175049;;;
2269;36,1989212;46,72615051;;;
2270;36,20558548;46,72643661;;;
2271;36,21282196;46,74572754;;;
2272;36,20555496;46,74618912;;;
2273;36,20927429;46,75402069;;;
2274;36,21060562;46,75248337;;;
2275;36,21104813;46,7572403;;;
2276;36,21775436;46,75819397;;;
2277;36,21059799;46,76608276;;;
2278;36,21402359;46,76858902;;;
2279;36,22169876;46,77713013;;;
2280;36,23046494;46,78210449;;;
2281;36,22983551;46,7883873;;;
2282;36,22962952;46,79355621;;;
2283;36,22860718;46,78260803;;;
2284;36,23459244;46,79295731;;;
2285;36,23668671;46,78808594;;;
2286;36,25470734;46,79496002;;;
2287;36,25321198;46,79697037;;;
2288;36,26425552;46,79210663;;;
2289;36,26306152;46,79161453;;;
2290;36,2653389;46,80854797;;;
2291;36,28587341;46,80517197;;;
2292;36,28453827;46,79548264;;;
2293;36,28131866;46,79861069;;;
2294;36,2894249;46,79125977;;;
2295;36,29372025;46,7913208;;;
2296;36,30389404;46,79058075;;;
2297;36,30841827;46,79659653;;;
2298;36,30435562;46,77866364;;;
2299;36,29999161;46,78266144;;;
2300;36,31459808;46,7618866;;;
2301;36,32406998;46,75376892;;;
2302;36,32552719;46,74930573;;;
2303;36,33292389;46,76245117;;;
2304;36,32896423;46,75419617;;;
2305;36,33448792;46,73918915;;;
2306;36,33946228;46,73116302;;;
2307;36,33649826;46,72082901;;;
2308;36,32779312;46,72290802;;;
2309;36,33582306;46,72245789;;;
2310;36,33665466;46,72145844;;;
2311;36,33626938;46,70195389;;;
2312;36,33010483;46,70286942;;;
2313;36,31874466;46,71658707;;;
2314;36,31567001;46,69755936;;;
2315;36,30777359;46,66756058;;;
2316;36,30163193;46,64147568;;;
2317;36,30929947;46,66268539;;;
2318;36,29971313;46,64455795;;;
2319;36,28417969;46,6256752;;;
2320;36,28417969;46,62024689;;;
2321;36,2736702;46,59325409;;;
2322;36,27194977;46,54183197;;;
2323;36,25721359;46,56638336;;;
2324;36,24467468;46,53939438;;;
2325;36,230793;46,53783417;;;
2326;36,21829605;46,49836731;;;
2327;36,21281815;46,44907761;;;
2328;36,19032669;46,45004654;;;
2329;36,20298386;46,4295578;;;
2330;36,17631912;46,42996979;;;
2331;36,15487289;46,33436966;;;
2332;36,14100647;46,3461113;;;
2333;36,12560272;46,30860519;;;
2334;36,09885406;46,27043152;;;
2335;36,12264633;46,35847855;;;
2336;36,08772659;46,24805832;;;
2337;36,06641006;46,22424698;;;
2338;36,0499649;46,16802216;;;
2339;36,02275848;46,13825226;;;
2340;36,00503922;46,10290909;;;
2341;35,98410034;46,09258652;;;
2342;35,96556854;46,02693939;;;
2343;35,94123077;45,99966812;;;
2344;35,90048981;45,96765137;;;
2345;35,8774147;45,9191246;;;
2346;35,85082245;45,92344284;;;
2347;35,84112167;45,86819458;;;
2348;35,8072319;45,79660797;;;
2349;35,77450562;45,74626541;;;
2350;35,74881744;45,75391388;;;
2351;35,72069168;45,69805145;;;
2352;35,68190765;45,62978363;;;
2353;35,66720963;45,56646729;;;
2354;35,63624954;45,55395508;;;
2355;35,60007477;45,48796463;;;
2356;35,55841446;45,46292114;;;
2357;35,51707458;45,37645721;;;
2358;35,50506973;45,34333801;;;
2359;35,45999146;45,29547119;;;
2360;35,42200089;45,25697708;;;
2361;35,38066483;45,17735291;;;
2362;35,35521317;45,14588928;;;
2363;35,30975723;45,08021164;;;
2364;35,25508499;44,97438431;;;
2365;35,21636581;44,95592499;;;
2366;35,17621613;44,89136505;;;
2367;35,11523056;44,79737473;;;
2368;35,09148407;44,79121399;;;
2369;35,03210068;44,71588135;;;
2370;34,9857254;44,61073303;;;
2371;34,93216705;44,57194519;;;
2372;34,8948555;44,48561859;;;
2373;34,84679413;44,45741272;;;
2374;34,78893661;44,34908295;;;
2375;34,75481033;44,31545258;;;
2376;34,68365479;44,19583893;;;
2377;34,65473175;44,14404297;;;
2378;34,59405518;44,06423187;;;
2379;34,56252289;44,01885223;;;
2380;34,48130035;43,95617294;;;
2381;34,43737793;43,84630585;;;
2382;34,38251114;43,7868042;;;
2383;34,35177994;43,75563812;;;
2384;34,27305603;43,61849976;;;
2385;34,22103882;43,57334518;;;
2386;34,1639061;43,51748657;;;
2387;34,10692978;43,39513016;;;
2388;34,06066132;43,33625793;;;
2389;33,99204636;43,24535751;;;
2390;33,94223022;43,18687057;;;
2391;33,86920166;43,09749603;;;
2392;33,81919098;43,0388031;;;
2393;33,7406311;42,93188477;;;
2394;33,70397568;42,83332443;;;
2395;33,63333511;42,76622009;;;
2396;33,57189941;42,69804382;;;
2397;33,51866913;42,63328171;;;
2398;33,46075439;42,55376053;;;
2399;33,40639877;42,4274292;;;
2400;33,34890747;42,38211441;;;
2401;33,27810287;42,28434753;;;
2402;33,22673035;42,22404099;;;
2403;33,16923523;42,13719177;;;
2404;33,13574982;42,09016418;;;
2405;33,08148575;42,01660919;;;
2406;33,01459122;41,94582748;;;
2407;32,96525955;41,85519791;;;
2408;32,91427231;41,79237366;;;
2409;32,85450745;41,70424271;;;
2410;32,80632401;41,65682602;;;
2411;32,73106384;41,5863533;;;
2412;32,68424225;41,49249649;;;
2413;32,61852264;41,41901016;;;
2414;32,57745361;41,36235046;;;
2415;32,50723267;41,22974396;;;
2416;32,46393204;41,17533493;;;
2417;32,39888382;41,13920593;;;
2418;32,34453201;41,03895569;;;
2419;32,29493332;40,972229;;;
2420;32,2515564;40,88095856;;;
2421;32,17499924;40,82695389;;;
2422;32,14424896;40,77441788;;;
2423;32,09067154;40,65891647;;;
2424;32,04630661;40,65818024;;;
2425;31,99569893;40,5340004;;;
2426;31,93344498;40,49437714;;;
2427;31,88619232;40,42386246;;;
2428;31,83687973;40,34994507;;;
2429;31,80486298;40,29118729;;;
2430;31,74215508;40,22058105;;;
2431;31,69573212;40,13523865;;;
2432;31,64376068;40,05901337;;;
2433;31,59843636;40,03260422;;;
2434;31,55939484;39,96964264;;;
2435;31,51101112;39,87476349;;;
2436;31,4640789;39,82840347;;;
2437;31,38927841;39,74968338;;;
2438;31,34816551;39,70634842;;;
2439;31,30477142;39,62773514;;;
2440;31,23931313;39,53588104;;;
2441;31,19268799;39,47521973;;;
2442;31,13344002;39,40936279;;;
2443;31,08664513;39,32861328;;;
2444;31,03172493;39,27117157;;;
2445;30,96927452;39,18720627;;;
2446;30,92860794;39,11632538;;;
2447;30,8657074;39,04921722;;;
2448;30,8173275;38,99422455;;;
2449;30,7649231;38,92103958;;;
2450;30,72791672;38,84910583;;;
2451;30,66215515;38,77523422;;;
2452;30,61476707;38,70799255;;;
2453;30,56441879;38,64964294;;;
2454;30,51439857;38,56731796;;;
2455;30,47477341;38,48374939;;;
2456;30,4172554;38,44978714;;;
2457;30,36215019;38,35067749;;;
2458;30,30484962;38,30910492;;;
2459;30,2562542;38,24039078;;;
2460;30,21337318;38,1648407;;;
2461;30,15377808;38,09914398;;;
2462;30,10839844;38,01366043;;;
2463;30,05303764;37,95331955;;;
2464;29,99539375;37,88735199;;;
2465;29,94757271;37,81958389;;;
2466;29,90742683;37,75052643;;;
2467;29,84712982;37,68108368;;;
2468;29,79867172;37,61717224;;;
2469;29,75011826;37,54776001;;;
2470;29,70104218;37,47379303;;;
2471;29,64033699;37,39207077;;;
2472;29,59744263;37,3502388;;;
2473;29,54849052;37,27469635;;;
2474;29,4983654;37,2128334;;;
2475;29,44558525;37,15132904;;;
2476;29,40967941;37,09137726;;;
2477;29,36531639;37,02324295;;;
2478;29,31959343;36,97434998;;;
2479;29,26787758;36,91096497;;;
2480;29,22326088;36,8381424;;;
2481;29,19408035;36,78498077;;;
2482;29,14463806;36,7069931;;;
2483;29,1071682;36,67215347;;;
2484;29,06402969;36,6186409;;;
2485;29,02205849;36,58063507;;;
2486;28,98039436;36,49907684;;;
2487;28,93378067;36,42533112;;;
2488;28,89804459;36,39314651;;;
2489;28,85552597;36,33353424;;;
2490;28,81435204;36,26745224;;;
2491;28,77358818;36,2444725;;;
2492;28,73615837;36,18683624;;;
2493;28,69470787;36,12525558;;;
2494;28,64737511;36,09578323;;;
2495;28,61484909;36,03229141;;;
2496;28,58180618;35,96511078;;;
2497;28,54346657;35,95621872;;;
2498;28,51059723;35,8872261;;;
2499;28,46908569;35,82430267;;;
2500;28,43971634;35,74542999;;;