Wavelength (nm);% Transmission;% Reflectance
250;1.210128424;1.709980662
251;1.166639529;1.447263563
252;1.298511712;2.466801083
253;1.298601984;1.471390398
254;0.027753352;4.070529198
255;1.303444821;2.091073002
256;1.695944236;2.596342035
257;1.366446007;3.046711433
258;0.840326996;2.854320659
259;1.716271869;3.397233838
260;1.323447886;3.037188987
261;0.859548641;4.065358692
262;0.43802159;5.467069129
263;0.598149087;5.446368421
264;2.248577789;5.115305086
265;1.973696383;4.881205863
266;1.433044251;5.202327659
267;0.957651229;5.543864624
268;1.637673659;5.924870149
269;2.138965802;5.725387485
270;0.451043596;6.677058529
271;1.89435547;5.857173486
272;1.23809063;5.94000993
273;1.619566806;5.537742492
274;1.485961526;5.075041979
275;0.994197539;5.065841268
276;2.196334183;3.619383015
277;1.980939608;4.147583359
278;1.791020608;3.653946735
279;1.197416557;3.985238549
280;1.254643727;4.039532117
281;1.556063018;3.859878766
282;2.744092067;2.364962858
283;1.946661524;2.550763025
284;1.220108778;2.973566775
285;1.808948039;2.374012388
286;1.535032503;2.779404312
287;1.638149878;2.93900134
288;1.234751274;4.878628284
289;0.194091278;6.806188548
290;1.663943624;7.613628541
291;0.88202295;11.8677856
292;1.599607592;14.38620223
293;1.950037808;20.65124319
294;1.216028612;26.99766131
295;0.188376846;36.70901409
296;2.547502057;44.98287799
297;1.257278214;55.72943408
298;0.899252261;66.80223339
299;1.558828407;74.84390346
300;0.636929522;82.85272066
301;1.706660801;87.803997
302;2.980983678;91.63424423
303;0.875144758;93.0604045
304;0.620670848;92.38782429
305;1.436590458;92.93579818
306;2.330798748;91.93709285
307;2.260843161;88.66900362
308;0.722001327;83.49150235
309;0.947891956;75.6488847
310;2.109742017;64.34403007
311;3.114059535;52.46355904
312;4.462907835;44.652666
313;6.718836125;39.1621105
314;8.697575659;36.46125023
315;10.79523496;37.43712726
316;13.97410042;37.41457519
317;17.58532364;37.89261971
318;19.99945346;36.98113428
319;23.63391259;35.95197523
320;24.06615852;34.47136626
321;24.01610053;35.64482621
322;24.88885066;38.0419448
323;23.55586656;41.09682119
324;23.20976813;42.70023171
325;23.2853185;44.21421086
326;22.91843666;43.10643861
327;24.54363935;44.58966213
328;23.06778787;45.27231015
329;22.70021436;46.39747491
330;20.33088872;48.39929681
331;18.94408355;50.55933776
332;16.84984241;53.81347708
333;14.39224285;56.65691059
334;14.30111873;59.75685223
335;14.39414602;59.35701093
336;15.67573213;57.7733352
337;17.80466679;55.86951878
338;19.85194393;54.74937687
339;23.47862998;53.67013088
340;23.60744857;52.6512606
341;25.18260904;52.98163808
342;24.27402157;52.32987811
343;26.07228072;53.97274225
344;25.95573635;53.55126822
345;27.03879148;54.11233256
346;27.1287519;53.10301329
347;27.94232393;53.83671137
348;28.79401564;54.170524
349;29.02035323;55.09623804
350;28.98789416;56.21914823
351;29.09462411;56.06992103
352;30.84344152;55.1355686
353;31.65472553;55.51097023
354;31.11400417;55.19299037
355;30.63566145;56.03429074
356;30.89563067;56.39518264
357;32.51956568;54.9200822
358;35.04491317;52.35978313
359;37.73276461;50.34515878
360;38.58555383;49.26809355
361;39.00555649;49.39362437
362;38.68084871;50.14705141
363;37.74709814;51.59722595
364;36.71664578;53.66970586
365;34.39715814;56.35105846
366;31.83280799;59.294847
367;28.89078455;62.46128279
368;24.91591049;66.10559346
369;21.99031334;69.19989401
370;20.10560769;71.3320465
371;19.43183334;72.36961736
372;19.97484558;72.27495075
373;20.82266963;71.70215121
374;21.05503429;71.64664651
375;20.44079839;73.05988988
376;17.88419328;75.66900425
377;14.95937926;79.28292319
378;10.97359037;82.91865967
379;7.363104119;86.65906666
380;4.45094844;91.91751891
381;2.51386511;91.78861234
382;1.351044075;92.93668996
383;0.829032843;93.35073176
384;0.654893938;93.93905259
385;0.537227648;94.05074119
386;0.548658662;94.4387436
387;0.414867099;94.84314635
388;0.494706599;95.13848661
389;0.499155292;95.22200312
390;0.394844739;95.1364379
391;0.419530399;95.13128319
392;0.360895729;95.27150438
393;0.185023464;95.74473999
394;0.244412706;96.17918457
395;0.099262154;96.36032722
396;0.200687883;96.68089987
397;0.211845737;96.45945658
398;0.062988639;96.47658918
399;0.039707887;96.65282034
400;0.140434521;96.60547887
401;0.139401201;96.82181159
402;0.139126438;96.95157122
403;0.110797354;96.81936298
404;0.145033013;96.57903107
405;0.130393751;96.54766507
406;0.09254347;96.49288008
407;0.254211065;96.7746057
408;0.152469032;97.06451891
409;0.048197808;97.26613836
410;0.027408862;97.54547311
411;0.259632157;97.47305997
412;0.192094495;97.60144836
413;0.08874114;97.51770941
414;0.244809103;97.63028306
415;0.245662572;97.57882854
416;0.133128999;97.51417726
417;0.121315328;97.40488558
418;0.184843503;97.09431032
419;0.11410581;97.10431682
420;0.097510951;97.21540827
421;0.178917643;97.51736486
422;0.125990938;97.94026162
423;0.062358544;98.26407327
424;0.085641481;98.51216962
425;0.080675865;98.60530649
426;0.103120445;98.46311497
427;0.060516123;98.31469746
428;0.120876876;98.2220426
429;0.056520563;98.20292487
430;0.099289302;98.30378246
431;0.152748004;98.3196625
432;0.062517841;98.28041824
433;0.071637303;98.26009009
434;0.064375646;98.14562154
435;0.062720221;98.22908069
436;0.081822481;98.39753991
437;0.083783357;98.56824173
438;0.079614967;98.84677415
439;0.022167742;98.98559177
440;0.037073374;99.02377743
441;0.119466214;98.90584104
442;0.068064561;98.7990074
443;0.027396102;98.73411898
444;0.041996894;98.69027276
445;0.068379824;98.75448296
446;0.017790622;98.9620695
447;0.083525676;99.08723426
448;0.046785437;99.1580959
449;0.048761328;99.12189318
450;0.027286333;98.99421107
451;0.034795276;98.82138304
452;0.053939571;98.77801607
453;0.079335211;98.81665437
454;0.076436614;98.87769219
455;0.076032322;99.09725439
456;0.070492514;99.19904797
457;0.031782799;99.23938804
458;0.046771559;99.20555832
459;0.047323255;99.03360567
460;0.07085797;98.9376579
461;0.039034807;98.82907991
462;0.06072332;98.88411115
463;0.020261007;98.97745757
464;0.042246572;99.16179044
465;0.017939361;99.28905948
466;0.011753086;99.33565094
467;0.013620649;99.29858857
468;0.040670048;99.21659839
469;0.049218013;99.08947865
470;0.051854174;98.99755686
471;0.027774075;98.94054128
472;0.04759616;98.98073296
473;0.050485382;99.1732039
474;0.023096918;99.31829935
475;0.013923665;99.40272493
476;0.047576616;99.49305816
477;0.008890634;99.41327862
478;0.050015315;99.30336731
479;0.027909757;99.13823685
480;0.048339764;98.99300964
481;0.037999893;98.95709906
482;0.024540045;98.99132325
483;0.025957121;99.17961832
484;0.021342463;99.32032162
485;0.03601808;99.4808536
486;0.044175009;99.51889801
487;0.054899929;99.5109138
488;0.040613417;99.35748523
489;0.023320879;99.19138759
490;0.038279409;99.01117015
491;0.070130728;98.94432328
492;0.039538626;99.00297339
493;0.034014352;99.11358491
494;0.040581557;99.32631661
495;0.049715102;99.5214606
496;0.029196552;99.6065651
497;0.014289296;99.57389191
498;0.036300482;99.43428874
499;0.026785437;99.24798874
500;0.041809424;99.02941669
501;0.04599096;98.89110896
502;0.051375908;98.8850965
503;0.055169874;98.99369377
504;0.051278509;99.25947059
505;0.050609359;99.45680674
506;0.047268055;99.55083235
507;0.058907979;99.51768921
508;0.102817255;99.32063537
509;0.167906762;99.02023305
510;0.278759278;98.7115548
511;0.334207358;98.53402222
512;0.380334226;98.55941969
513;0.348140498;98.76166127
514;0.269319324;99.05531233
515;0.192453852;99.40068261
516;0.120889636;99.65999284
517;0.085590285;99.78884993
518;0.065395607;99.89567237
519;0.040495524;99.89963103
520;0.041435625;99.94322953
521;0.048818446;99.95432055
522;0.060014497;99.96614165
523;0.047651368;99.96090036
524;0.056112352;99.95251551
525;0.096444234;99.90501284
526;0.202706385;99.8052222
527;0.423834121;99.61745561
528;0.695037747;99.34553324
529;1.027960711;98.96429308
530;1.372393494;98.64506165
531;1.683996954;98.33595632
532;1.969858795;98.05002548
533;2.260719808;97.77380271
534;2.512639307;97.54472419
535;2.774731715;97.26354985
536;3.197702307;96.81831825
537;4.169793289;95.83346063
538;6.192057414;93.78468089
539;9.624633219;90.25917154
540;14.44086475;85.41574307
541;20.43962784;79.38089015
542;27.03800046;72.80560169
543;33.51096163;66.36456916
544;39.1040809;60.71260266
545;43.57351214;56.28947944
546;46.63639447;53.29162921
547;48.54524557;51.40600761
548;49.87926818;50.11147783
549;51.17427573;48.79186105
550;52.89215353;47.07011906
551;55.21793092;44.72961174
552;58.411557;41.60732611
553;62.40603154;37.57536681
554;67.08233895;32.95443255
555;71.97898722;28.05682847
556;76.62928176;23.41296867
557;80.73918587;19.33890669
558;84.10020042;15.965605
559;86.73431716;13.4053885
560;88.80181109;11.30575111
561;90.51495852;9.617443057
562;91.93334066;8.220957327
563;92.97118144;7.153714346
564;93.79231238;6.322148307
565;94.35286195;5.778142317
566;94.81155356;5.36602582
567;95.18551834;4.956734969
568;95.63679492;4.580585311
569;96.04211816;4.137127628
570;96.35945912;3.77446979
571;96.56815321;3.602302304
572;96.62055863;3.515535511
573;96.69190404;3.487498257
574;96.77121865;3.402878631
575;96.92711631;3.26777707
576;97.14516297;3.033163522
577;97.3422022;2.797379442
578;97.50964725;2.650867554
579;97.58190873;2.617945469
580;97.57142955;2.599478707
581;97.52665918;2.61952069
582;97.56665102;2.601548869
583;97.67929655;2.505741839
584;97.81961663;2.330616688
585;97.96604793;2.175206721
586;98.12483947;2.060534769
587;98.20908381;1.963740813
588;98.21904418;1.963113103
589;98.17905476;1.96422182
590;98.14678597;1.991523645
591;98.13846645;2.012192676
592;98.15637167;1.966274409
593;98.18203829;1.95950186
594;98.23924695;1.939871397
595;98.24581817;1.896981273
596;98.21708907;1.916067455
597;98.23188812;1.929142803
598;98.25154567;1.930941879
599;98.31196934;1.844032039
600;98.41827788;1.729955522
601;98.52216888;1.608470952
602;98.65961841;1.515974544
603;98.73011749;1.439177698
604;98.75386323;1.434951979
605;98.70056298;1.465075531
606;98.59536337;1.574596152
607;98.48854364;1.686683698
608;98.45369795;1.752458162
609;98.41953822;1.762185442
610;98.41736226;1.730615053
611;98.49816474;1.692912256
612;98.55449909;1.611620671
613;98.62309858;1.569215749
614;98.67258518;1.542379417
615;98.66744255;1.56366541
616;98.62839886;1.534462121
617;98.6106793;1.579216716
618;98.59358962;1.606457325
619;98.60919693;1.610944179
620;98.67531761;1.538343673
621;98.71732109;1.482921278
622;98.77576496;1.388837081
623;98.84715176;1.368230219
624;98.85529106;1.330150697
625;98.89478386;1.301803083
626;98.84192289;1.334619584
627;98.80735925;1.385632951
628;98.7620633;1.396470122
629;98.73693747;1.471999211
630;98.68501438;1.515084454
631;98.65216009;1.538986523
632;98.63661141;1.553719786
633;98.60873157;1.596892739
634;98.55329797;1.649611191
635;98.53521493;1.679222858
636;98.51248807;1.693326325
637;98.50490694;1.695782987
638;98.50975715;1.677157243
639;98.54454805;1.628695489
640;98.59525638;1.585125205
641;98.65915167;1.518154173
642;98.71781833;1.451921245
643;98.78684007;1.407795676
644;98.81875837;1.393002787
645;98.83841313;1.367151944
646;98.77532756;1.419558379
647;98.73101863;1.463778914
648;98.69075186;1.558825228
649;98.58268967;1.62143891
650;98.52465164;1.677238156
651;98.48749308;1.732457532
652;98.47036008;1.775925234
653;98.45717757;1.765341476
654;98.45126081;1.748311058
655;98.45203666;1.755676619
656;98.44479415;1.743281799
657;98.44860976;1.757017415
658;98.42737701;1.771021593
659;98.46353628;1.795602254
660;98.41840559;1.826090787
661;98.41409537;1.822054708
662;98.37738947;1.800584331
663;98.41699207;1.796132651
664;98.44046198;1.812386067
665;98.41031969;1.779752973
666;98.4665135;1.793645284
667;98.4484444;1.766998677
668;98.41146637;1.814460163
669;98.37490164;1.836988135
670;98.32262965;1.868605943
671;98.29776639;1.949869996
672;98.23805143;2.007165076
673;98.18106341;2.024304771
674;98.18403012;2.016919142
675;98.2179112;2.043656293
676;98.24586212;1.9857643
677;98.26117284;1.932549127
678;98.3139311;1.898591824
679;98.40986432;1.866069154
680;98.40308045;1.79849024
681;98.4263742;1.796929722
682;98.42684449;1.822452539
683;98.42454814;1.81973896
684;98.39867333;1.874220685
685;98.34312654;1.882647503
686;98.34558703;1.91312856
687;98.28076223;1.949925456
688;98.28211775;1.969073214
689;98.2608327;1.962945381
690;98.22953621;1.982968667
691;98.24116657;1.982070907
692;98.26436505;2.000116152
693;98.24216453;1.958531079
694;98.26867613;2.003550411
695;98.22005279;2.028929961
696;98.19074193;2.021901104
697;98.16892057;2.043306613
698;98.15138072;2.071243447
699;98.17517031;2.056387647
700;98.16477444;2.058053997
701;98.20870711;2.022155514
702;98.26957858;1.979970068
703;98.28420308;1.936640115
704;98.38356715;1.863900193
705;98.44472151;1.7890115
706;98.46661797;1.791969978
707;98.50246424;1.788171448
708;98.50387842;1.756021561
709;98.47385039;1.760386244
710;98.42990061;1.820605404
711;98.39443251;1.832102471
712;98.36595624;1.861756637
713;98.33184736;1.900108863
714;98.28158136;1.94638301
715;98.25992667;1.94612754
716;98.25604988;1.956064627
717;98.29221626;1.933969468
718;98.30571142;1.942013625
719;98.29260968;1.932132502
720;98.35622204;1.945020398
721;98.32749754;1.905317
722;98.35006376;1.890217792
723;98.35806765;1.89323346
724;98.3561204;1.916858569
725;98.3853749;1.892097454
726;98.3567874;1.911563048
727;98.36805726;1.917203919
728;98.41412595;1.850408378
729;98.44280467;1.793059648
730;98.50114225;1.802116634
731;98.57350168;1.720023284
732;98.58398456;1.692423159
733;98.69667602;1.608535377
734;98.71853055;1.57851525
735;98.6971831;1.544475222
736;98.75357293;1.54775615
737;98.70114447;1.569661508
738;98.6793032;1.558279226
739;98.64655956;1.635375444
740;98.59698584;1.681391432
741;98.57190349;1.704586804
742;98.52231018;1.745308818
743;98.48544398;1.753589935
744;98.52353309;1.80163445
745;98.50947382;1.784582642
746;98.55653417;1.733724014
747;98.58979265;1.696396626
748;98.66875016;1.668927409
749;98.73124451;1.604552867
750;98.76340976;1.510819624
751;98.81055122;1.479675291
752;98.81575885;1.484742163
753;98.83539295;1.485511993
754;98.81540486;1.516590464
755;98.82451279;1.523753606
756;98.73037691;1.560652506
757;98.70884581;1.597596821
758;98.70348812;1.636638125
759;98.65256073;1.666441388
760;98.63458637;1.678009363
761;98.6510914;1.687683248
762;98.62014542;1.694102631
763;98.67167256;1.660960228
764;98.72837066;1.612570965
765;98.75729121;1.604865508
766;98.80529981;1.555653239
767;98.82959127;1.525434293
768;98.80992279;1.508656319
769;98.83671875;1.503274635
770;98.80930655;1.55336175
771;98.76680613;1.586545737
772;98.71861253;1.619587922
773;98.66383882;1.695213755
774;98.59679815;1.738642499
775;98.51506637;1.838337356
776;98.47812986;1.875727486
777;98.4641752;1.916426351
778;98.41939504;1.927652602
779;98.45201899;1.930498833
780;98.43962808;1.919337954
781;98.49881527;1.89296158
782;98.54963115;1.805216054
783;98.61219869;1.772991166
784;98.62542221;1.712653033
785;98.74127131;1.660883517
786;98.73155731;1.619237238
787;98.73305075;1.622538588
788;98.70385318;1.671849055
789;98.69997376;1.683175747
790;98.60705685;1.721608075
791;98.53815213;1.826853942
792;98.44275277;1.942225343
793;98.34299375;2.000608609
794;98.25063969;2.126187228
795;98.1739065;2.210355695
796;98.06416639;2.308647609
797;97.9799862;2.362601508
798;97.94076821;2.448786206
799;97.94053284;2.46637773
800;97.88617401;2.522236526
801;97.87450271;2.479694371
802;97.82068869;2.519964192
803;97.83996238;2.523048024
804;97.80936892;2.539244768
805;97.80283949;2.576876131
806;97.77611949;2.59056761
807;97.71874184;2.649345761
808;97.68482167;2.721400569
809;97.57278655;2.788415031
810;97.5150874;2.858826336
811;97.43404026;2.925720679
812;97.37741777;3.011558549
813;97.28760933;3.081796728
814;97.22867011;3.15874552
815;97.17012542;3.225099294
816;97.0983432;3.297719685
817;97.09808501;3.302872065
818;97.01617918;3.376157355
819;96.99011003;3.383491815
820;96.9425996;3.426232238
821;96.9135113;3.465996044
822;96.84936392;3.525599584
823;96.78181479;3.601863814
824;96.72493631;3.661475405
825;96.63252024;3.751708873
826;96.5234473;3.863017309
827;96.42028853;3.969606739
828;96.2628486;4.099440849
829;96.14922793;4.237177288
830;96.01295038;4.370706971
831;95.84521321;4.53105336
832;95.74853669;4.656751926
833;95.58224901;4.787240858
834;95.46198524;4.893651913
835;95.38391449;4.9697095
836;95.32526086;5.084151769
837;95.25631971;5.145141747
838;95.17069305;5.193535698
839;95.13266178;5.247526244
840;95.07591379;5.2995617
841;95.01156712;5.348353161
842;94.95436353;5.403639021
843;94.88564434;5.478036823
844;94.80400549;5.549265852
845;94.67399548;5.661804238
846;94.57973943;5.801004036
847;94.40426146;5.956117096
848;94.20773128;6.180205878
849;93.98242092;6.357617891
850;93.7472132;6.617498737
851;93.45358905;6.902942076
852;93.1425948;7.223520407
853;92.80531753;7.553968127
854;92.41340603;7.950416161
855;92.01207674;8.350585872
856;91.58905748;8.769481779
857;91.09972601;9.246704681
858;90.61665001;9.727720006
859;90.12676978;10.23015171
860;89.56696332;10.762948
861;89.01081608;11.32981027
862;88.47888061;11.85693614
863;87.90132803;12.42407355
864;87.35558075;12.98648982
865;86.82813308;13.49652041
866;86.28669328;14.0275968
867;85.79896545;14.52787892
868;85.36771228;14.95875153
869;84.99022149;15.34741921
870;84.62974313;15.69147831
871;84.35200868;15.96424483
872;84.12840087;16.1800619
873;83.9838457;16.32803978
874;83.8979311;16.41393983
875;83.8748633;16.43589981
876;83.90962455;16.40220735
877;84.0258973;16.29866481
878;84.16359729;16.14902833
879;84.36208438;15.9616874
880;84.57580524;15.74301073
881;84.81732849;15.50320904
882;85.0561331;15.24433643
883;85.319839;14.98859088
884;85.57210792;14.73830291
885;85.82905155;14.49514612
886;86.04351049;14.27134105
887;86.23920466;14.08372865
888;86.40250433;13.91182789
889;86.5447152;13.77388713
890;86.64969756;13.66508864
891;86.72967798;13.57982342
892;86.78647511;13.51639729
893;86.82958135;13.4733027
894;86.85964064;13.44216357
895;86.88934602;13.42946515
896;86.89268882;13.41545889
897;86.89492453;13.40325266
898;86.91385379;13.40277298
899;86.90469239;13.41235844
900;86.88097303;13.42644682
901;86.83916369;13.45899593
902;86.78572726;13.52872889
903;86.67324205;13.62733633
904;86.52953067;13.79040287
905;86.29673247;14.01291141
906;86.03175056;14.2956242
907;85.65138231;14.66837332
908;85.1843044;15.13761827
909;84.63528297;15.67963309
910;83.98661592;16.32835456
911;83.23095207;17.08099418
912;82.42565919;17.88412848
913;81.58389088;18.73613585
914;80.65467504;19.65885141
915;79.72385396;20.58524913
916;78.80646776;21.51140019
917;77.87792906;22.43308791
918;77.01884415;23.30102966
919;76.24396727;24.06365811
920;75.54292537;24.76326642
921;74.93577472;25.36958782
922;74.48052853;25.83006425
923;74.11563212;26.19370325
924;73.88678588;26.40744261
925;73.80664569;26.49525123
926;73.84964224;26.45950808
927;74.00697741;26.28986903
928;74.28450395;26.01367325
929;74.67856664;25.6318547
930;75.16159525;25.13988007
931;75.70778107;24.58662586
932;76.32116638;23.97607202
933;76.99101362;23.29174179
934;77.67680599;22.61508443
935;78.36745274;21.92140381
936;79.04241105;21.21927606
937;79.68089098;20.56688206
938;80.23000784;19.99790991
939;80.72485129;19.48913117
940;81.12272401;19.07341345
941;81.40767553;18.78703738
942;81.56036508;18.59562175
943;81.62856873;18.54145479
944;81.56063938;18.60598213
945;81.38576262;18.78867549
946;81.08636493;19.07482306
947;80.73758813;19.44036944
948;80.29450206;19.88495946
949;79.78647398;20.39816232
950;79.28474854;20.91299573
951;78.76724055;21.44126965
952;78.23760854;21.98299254
953;77.74736431;22.47823301
954;77.2726475;22.95376038
955;76.86189134;23.39474628
956;76.47730146;23.77565699
957;76.17547914;24.10075368
958;75.88848272;24.37906905
959;75.6641995;24.61268543
960;75.50517958;24.79079423
961;75.3684876;24.93493776
962;75.25238801;25.04297024
963;75.1886751;25.12243946
964;75.12242254;25.17501871
965;75.10238775;25.22235701
966;75.06343006;25.25920874
967;75.02624702;25.29189367
968;74.98738978;25.33343099
969;74.9471687;25.37269773
970;74.90136826;25.4248402
971;74.84746313;25.48721392
972;74.77715137;25.55523503
973;74.70866588;25.63156564
974;74.62737512;25.70367936
975;74.5626254;25.7745221
976;74.50014945;25.84024538
977;74.45029979;25.89278427
978;74.41595891;25.92712942
979;74.41826511;25.93525271
980;74.43758044;25.91852574
981;74.47333238;25.87782481
982;74.55417515;25.80391571
983;74.65655609;25.69880197
984;74.79070538;25.56579962
985;74.93944226;25.41263304
986;75.11122487;25.24122408
987;75.30102318;25.05842049
988;75.48662598;24.88016052
989;75.66261567;24.70477613
990;75.81277816;24.5470779
991;75.92811304;24.42888152
992;76.02862301;24.35205739
993;76.05126885;24.3206723
994;76.01888119;24.3637229
995;75.90193049;24.47178028
996;75.71221396;24.66393728
997;75.43837846;24.93884247
998;75.09480738;25.29096484
999;74.64312439;25.74349524
1000;74.11235673;26.27290438
1001;73.55088292;26.83462536
1002;72.90415592;27.48489357
1003;72.19852478;28.18067027
1004;71.5065235;28.8793399
1005;70.77542904;29.62122643
1006;70.03037188;30.36241018
1007;69.33502392;31.05479265
1008;68.67266616;31.73023635
1009;68.02406658;32.36953462
1010;67.47323375;32.92461026
1011;66.96009072;33.42191259
1012;66.53013689;33.86373743
1013;66.18408701;34.21243193
1014;65.92459198;34.46546309
1015;65.73575469;34.64037316
1016;65.65048176;34.73449636
1017;65.64242689;34.74189949
1018;65.70746982;34.66404681
1019;65.86712272;34.51680831
1020;66.07866102;34.30720859
1021;66.36699753;34.02394488
1022;66.70988067;33.68274415
1023;67.08226005;33.30645379
1024;67.51990237;32.86987889
1025;68.00507303;32.39698187
1026;68.47939734;31.93263526
1027;68.95723047;31.44104856
1028;69.47507335;30.92890743
1029;69.96233122;30.45690153
1030;70.43261925;29.96981379
1031;70.90731821;29.4968638
1032;71.32999237;29.08391888
1033;71.7106082;28.71098908
1034;72.05879354;28.36241313
1035;72.3582918;28.07170145
1036;72.59451669;27.83239657
1037;72.78724918;27.63596726
1038;72.92555934;27.49583614
1039;73.01524099;27.40463765
1040;73.0767175;27.36374073
1041;73.0703249;27.35509586
1042;73.04761031;27.38645256
1043;72.98345893;27.44388126
1044;72.90123999;27.52281326
1045;72.81111501;27.61763523
1046;72.70186496;27.71992827
1047;72.59930026;27.82802033
1048;72.49948961;27.92744402
1049;72.40031609;28.02294646
1050;71.94759481;27.58776714
1051;71.87337918;27.66534418
1052;71.80282527;27.73518581
1053;71.7347111;27.80657181
1054;71.66651672;27.87298809
1055;71.60079666;27.94490705
1056;71.53147441;28.02634209
1057;71.45026689;28.10198113
1058;71.35976007;28.20519819
1059;71.24600634;28.30952755
1060;71.11270394;28.45157678
1061;70.96510328;28.60625758
1062;70.77855722;28.7884323
1063;70.55904499;29.01698709
1064;70.31721128;29.26114632
1065;70.04873829;29.54426599
1066;69.72030563;29.86998561
1067;69.39770413;30.20885018
1068;69.0188357;30.59638408
1069;68.61406364;31.00648178
1070;68.20779403;31.42479687
1071;67.80472383;31.86231498
1072;67.33526825;32.31946465
1073;66.8814663;32.76769415
1074;66.43428982;33.20398854
1075;65.99288123;33.65584432
1076;65.57933996;34.071745
1077;65.19784875;34.46272781
1078;64.81772443;34.8260177
1079;64.5216774;35.15254361
1080;64.22277405;35.42725048
1081;64.00344768;35.66776003
1082;63.81724905;35.86976204
1083;63.67955938;35.99669738
1084;63.59746047;36.08283619
1085;63.55805581;36.10459753
1086;63.57481685;36.07845426
1087;63.64874875;35.99162459
1088;63.77422055;35.84949647
1089;63.95865247;35.67694974
1090;64.18149465;35.44603767
1091;64.47420023;35.17065496
1092;64.77267361;34.87295595
1093;65.09730624;34.52219437
1094;65.49233441;34.14352877
1095;65.86982214;33.72018827
1096;66.27940612;33.35474537
1097;66.70205718;32.90411693
1098;67.10733118;32.50612668
1099;67.52064971;32.08084099
1100;67.9001337;31.66497299
1101;68.35417489;31.29405201
1102;68.65127316;30.91512771
1103;69.03982926;30.59068812
1104;69.3329027;30.27354811
1105;69.59282526;30.03811033
1106;69.82159678;29.79534096
1107;70.00820528;29.62768402
1108;70.12820257;29.49903574
1109;70.24830979;29.4135618
1110;70.2512892;29.36284508
1111;70.28354616;29.37877082
1112;70.23063096;29.40017749
1113;70.14698695;29.51661197
1114;70.08789563;29.617975
1115;69.90981297;29.74007824
1116;69.75199635;29.91357614
1117;69.61503237;30.09801587
1118;69.42298431;30.2743354
1119;69.28372656;30.49034205
1120;69.0098054;30.65535966
1121;68.85640419;30.8500517
1122;68.69158141;31.04005398
1123;68.51477323;31.20442928
1124;68.33770326;31.36859535
1125;68.22046315;31.50436651
1126;68.03426679;31.63089537
1127;68.0076422;31.74327362
1128;67.91289408;31.82541336
1129;67.76197581;31.9004194
1130;67.78645068;31.96807265
1131;67.73721445;31.99319112
1132;67.63232491;32.02307073
1133;67.65058716;32.04621624
1134;67.70714643;32.06557278
1135;67.59943054;32.05876279
1136;67.65426953;32.06773951
1137;67.64556122;32.07593861
1138;67.64277;32.06145639
1139;67.64926147;32.08657622
1140;67.63722138;32.08925932
1141;67.62413229;32.11611
1142;67.61025799;32.1508728
1143;67.55293908;32.18314852
1144;67.49970134;32.23209298
1145;67.47753546;32.31199586
1146;67.38492359;32.37616756
1147;67.27261256;32.43872124
1148;67.24393204;32.55448447
1149;67.13388487;32.64475198
1150;67.01426777;32.73313005
1151;66.95229357;32.86437707
1152;66.81116772;32.95797157
1153;66.7113782;33.04592676
1154;66.63651221;33.17916034
1155;66.53255154;33.22322282
1156;66.41947074;33.2996989
1157;66.41757063;33.40347447
1158;66.38245069;33.43311588
1159;66.2900762;33.44588818
1160;66.3256038;33.47628439
1161;66.33827074;33.46950388
1162;66.36103414;33.43150176
1163;66.41889343;33.37640299
1164;66.50094143;33.30165451
1165;66.58975243;33.19774808
1166;66.72641387;33.07379213
1167;66.89045278;32.9174325
1168;67.03012481;32.77090271
1169;67.20377226;32.5796878
1170;67.42085318;32.37741343
1171;67.61158062;32.14961851
1172;67.89794394;31.97512335
1173;68.0785805;31.71765511
1174;68.27105333;31.49588003
1175;68.52330154;31.26917801
1176;68.76175688;31.02514904
1177;68.99928911;30.84887462
1178;69.15470528;30.63432481
1179;69.3477905;30.45702989
1180;69.50059407;30.29117124
1181;69.65978991;30.15572111
1182;69.77373141;30.06474949
1183;69.8840241;29.99950273
1184;69.89802557;29.94141442
1185;69.91228045;29.9339079
1186;69.88421231;29.95798925
1187;69.83068184;30.0293513
1188;69.72672308;30.12721155
1189;69.60659829;30.26839486
1190;69.48147747;30.43468467
1191;69.21036198;30.61301477
1192;69.02944847;30.85559432
1193;68.80171476;31.10029836
1194;68.54223853;31.35583309
1195;68.26965688;31.65145862
1196;67.96012328;31.94062824
1197;67.66801957;32.23257661
1198;67.38516185;32.53640262
1199;67.08631799;32.83121543
1200;66.85016546;33.15025388
1201;66.5317474;33.4393486
1202;66.28266773;33.70316132
1203;66.0468465;33.93248264
1204;65.82300063;34.15586076
1205;65.64554639;34.39616322
1206;65.43633682;34.55217565
1207;65.32135383;34.70330944
1208;65.16536711;34.8135011
1209;65.0857794;34.88873623
1210;65.02925867;34.94349713
1211;65.02101982;35.00906441
1212;65.00979546;34.98767361
1213;65.03967032;34.94697931
1214;65.10437851;34.87998853
1215;65.18455332;34.78205493
1216;65.27589523;34.67539814
1217;65.45181517;34.55287658
1218;65.63455623;34.37603287
1219;65.77196684;34.19794088
1220;65.99708899;33.98980716
1221;66.21850513;33.76888484
1222;66.44363844;33.53321103
1223;66.68245761;33.29569975
1224;66.96727797;33.0524126
1225;67.10334908;32.79247258
1226;67.43322891;32.525294
1227;67.71255161;32.28766803
1228;67.95599401;32.02091918
1229;68.23034042;31.75199612
1230;68.43333859;31.53017119
1231;68.65034111;31.29364991
1232;68.82278896;31.07039921
1233;69.03857132;30.86340846
1234;69.23188763;30.66317087
1235;69.39323445;30.48659213
1236;69.5586045;30.31820103
1237;69.72662958;30.20428047
1238;69.77000813;29.99219955
1239;69.88672488;29.92195426
1240;69.96607431;29.81551176
1241;70.05941508;29.73845232
1242;70.16757537;29.68919752
1243;70.13180349;29.61540302
1244;70.20560972;29.58647703
1245;70.22409361;29.52517665
1246;70.25916082;29.50387932
1247;70.27784002;29.49254903
1248;70.32020079;29.47927586
1249;70.32079764;29.45853709
1250;70.36343065;29.44893244
1251;70.36775862;29.4268907
1252;70.41485272;29.41281608
1253;70.46894049;29.39516636
1254;70.44739218;29.33063396
1255;70.50975661;29.2953009
1256;70.5802848;29.26532811
1257;70.70557923;29.22642452
1258;70.75202058;29.15422195
1259;70.86272438;29.08947909
1260;70.92705778;29.00401173
1261;71.01017679;28.90617467
1262;71.12670829;28.83265707
1263;71.22128356;28.74764048
1264;71.30552798;28.66029641
1265;71.42576177;28.57067669
1266;71.52100706;28.48855229
1267;71.6256937;28.42168582
1268;71.69696619;28.33569835
1269;71.73805623;28.25932268
1270;71.8127858;28.21336848
1271;71.85024436;28.18997603
1272;71.85176332;28.17117269
1273;71.88990343;28.18287785
1274;71.87226723;28.21477218
1275;71.80051349;28.27561164
1276;71.73428387;28.34481067
1277;71.62960468;28.45346325
1278;71.50308857;28.5959938
1279;71.3414789;28.75130974
1280;71.15707002;28.95427949
1281;70.94503299;29.17743263
1282;70.70872821;29.41741698
1283;70.41758177;29.70125271
1284;70.11421918;30.01977469
1285;69.79650199;30.33679529
1286;69.447025;30.67723171
1287;69.0893137;31.05211083
1288;68.73906742;31.42762769
1289;68.33110546;31.81828918
1290;67.92434421;32.23963388
1291;67.51409832;32.64173716
1292;67.10810715;33.04489753
1293;66.69360198;33.4570758
1294;66.305235;33.87325263
1295;65.90786302;34.25646103
1296;65.50954518;34.64704992
1297;65.15347834;35.02961331
1298;64.80670841;35.36230302
1299;64.46732602;35.70078492
1300;64.15824639;36.01216634
1301;63.8764405;36.29066437
1302;63.6286945;36.55704608
1303;63.37573944;36.7889395
1304;63.18320776;36.96066432
1305;63.03765606;37.14449699
1306;62.90257848;37.28187179
1307;62.78833864;37.37252087
1308;62.71757713;37.43314166
1309;62.68618129;37.46157286
1310;62.69179995;37.46731888
1311;62.72694868;37.42159418
1312;62.78820056;37.35177282
1313;62.9103928;37.2304146
1314;63.00586589;37.10988862
1315;63.19845059;36.93902645
1316;63.39434398;36.74221646
1317;63.60153031;36.50727297
1318;63.862182;36.24896541
1319;64.14639632;35.96572535
1320;64.45170062;35.66360492
1321;64.76989825;35.32450198
1322;65.128055;34.96657588
1323;65.46378188;34.59818793
1324;65.86886045;34.21716292
1325;66.27664914;33.81039511
1326;66.65588306;33.40443824
1327;67.08452259;32.97535284
1328;67.52034323;32.54132361
1329;67.93562512;32.10899736
1330;68.36060015;31.67279985
1331;68.78706801;31.23136693
1332;69.21569381;30.80269544
1333;69.61350295;30.37961474
1334;70.05002384;29.95557103
1335;70.42940179;29.54541483
1336;70.79697892;29.16013493
1337;71.17607905;28.77920928
1338;71.51919803;28.41398216
1339;71.82411385;28.08495503
1340;72.14190343;27.75780274
1341;72.41086946;27.45851753
1342;72.67312447;27.20610902
1343;72.92574642;26.96330622
1344;73.09405723;26.73754992
1345;73.27458364;26.55455571
1346;73.40734732;26.37276663
1347;73.56310189;26.23683862
1348;73.65590674;26.12139932
1349;73.74375237;26.0337652
1350;73.78592557;25.96060519
1351;73.85541951;25.92476123
1352;73.85952228;25.88597815
1353;73.86834026;25.87874299
1354;73.83980263;25.88100557
1355;73.80652333;25.89604581
1356;73.77472207;25.91337088
1357;73.73119241;25.95407036
1358;73.6798975;25.99424408
1359;73.59687907;26.03909695
1360;73.54165629;26.08504897
1361;73.4742461;26.12975861
1362;73.39212785;26.17252264
1363;73.2910989;26.20645068
1364;73.23512037;26.23485365
1365;73.15847518;26.25365608
1366;73.05268855;26.2595798
1367;72.9125459;26.23784614
1368;72.80164257;26.20655261
1369;72.68566755;26.15365128
1370;72.51530633;26.06285752
1371;72.33323423;25.96401037
1372;72.11023829;25.82538088
1373;71.86381097;25.66294301
1374;71.6035846;25.49185522
1375;71.37407902;25.31313577
1376;71.06616694;25.10467676
1377;70.83143181;24.91448241
1378;70.60627506;24.72493389
1379;70.37676245;24.52838683
1380;70.21925722;24.37268785
1381;70.07195173;24.20668766
1382;69.99647065;24.07645309
1383;69.96652287;23.97549529
1384;69.98135667;23.90858668
1385;70.04819976;23.86784814
1386;70.13641968;23.86591532
1387;70.26975811;23.88632307
1388;70.38221456;23.92044108
1389;70.53034329;23.98988536
1390;70.65227094;24.06436594
1391;70.79298182;24.14631032
1392;70.95288711;24.27841569
1393;71.0633025;24.40349407
1394;71.18471182;24.55338667
1395;71.27056683;24.72013287
1396;71.30673911;24.89468274
1397;71.40744087;25.07690758
1398;71.42774519;25.28335559
1399;71.41915934;25.49228209
1400;71.37515236;25.71122033
1401;71.38801119;25.95090777
1402;71.31055166;26.17392604
1403;71.2527439;26.43684418
1404;71.17887949;26.71631201
1405;71.03123869;26.91984212
1406;70.94351174;27.19345473
1407;70.80621508;27.46994792
1408;70.65424915;27.72371493
1409;70.50732115;27.99024147
1410;70.35536755;28.23725043
1411;70.20928108;28.50549476
1412;70.05049051;28.72497516
1413;69.92591725;28.97357523
1414;69.79030595;29.21333725
1415;69.62922055;29.40673982
1416;69.50842353;29.61721605
1417;69.36521693;29.80088966
1418;69.266534;29.97076072
1419;69.1660855;30.12964687
1420;69.09103657;30.26432537
1421;69.03734243;30.37299212
1422;68.8194727;30.4538273
1423;68.92475329;30.51656646
1424;68.90660097;30.58660992
1425;68.92321873;30.61380082
1426;68.94017624;30.6208358
1427;68.99850057;30.61022349
1428;69.05874225;30.56838196
1429;69.1689931;30.49786863
1430;69.26560653;30.41592869
1431;69.404644;30.31061862
1432;69.56137672;30.18117202
1433;69.7304514;30.02251198
1434;69.94214141;29.84766656
1435;70.15011336;29.65536617
1436;70.38081191;29.43449379
1437;70.6419382;29.20495624
1438;70.91508182;28.95038437
1439;71.20080287;28.67268189
1440;71.49762184;28.40778296
1441;71.81249037;28.09439177
1442;72.16236522;27.77624989
1443;72.48230483;27.45456203
1444;72.83174242;27.12016654
1445;73.19542742;26.77129911
1446;73.55832282;26.42777013
1447;73.92758765;26.07547171
1448;74.30631528;25.69755252
1449;74.66318364;25.34692459
1450;75.02211445;24.99956142
1451;75.40778225;24.63233598
1452;75.7667909;24.29416424
1453;76.10456071;23.95030879
1454;76.46233366;23.61048456
1455;76.78258355;23.28114997
1456;77.10495477;22.98379204
1457;77.39464066;22.67346351
1458;77.68359638;22.40841779
1459;78.00160561;22.1839109
1460;78.22980675;21.91298858
1461;78.4727633;21.68395955
1462;78.654756;21.49458839
1463;78.82842238;21.32085884
1464;78.93333269;21.16704187
1465;79.13361271;21.05562873
1466;79.24174568;20.94930753
1467;79.39241356;20.86959257
1468;79.36835948;20.81999684
1469;79.42068726;20.79905819
1470;79.42626337;20.78966282
1471;79.40820198;20.81117646
1472;79.37034501;20.85614161
1473;79.29187242;20.91851341
1474;79.22748119;21.00518732
1475;79.11352659;21.10040151
1476;78.97903111;21.20697705
1477;78.9036327;21.37230518
1478;78.7645217;21.49818235
1479;78.61888085;21.6584842
1480;78.45649797;21.83023536
1481;78.27175881;21.99588254
1482;78.08627703;22.17586615
1483;77.89673394;22.35526419
1484;77.74711387;22.54209568
1485;77.55984065;22.72447154
1486;77.38040498;22.91247499
1487;77.22662989;23.07731366
1488;77.06926262;23.25361607
1489;76.86208226;23.41220889
1490;76.72475158;23.57751397
1491;76.57946328;23.7240376
1492;76.46096506;23.86488361
1493;76.34789022;23.98866854
1494;76.26340223;24.10033106
1495;76.11437949;24.20338446
1496;76.00274309;24.30100728
1497;75.97245282;24.36415013
1498;75.91319335;24.42568518
1499;75.89827272;24.4805037
1500;75.84490888;24.50075187
1501;75.8043977;24.52505682
1502;75.78071374;24.54248827
1503;75.82778742;24.53594405
1504;75.83657366;24.5118136
1505;75.91610557;24.47697141
1506;75.91780311;24.42280831
1507;75.96512123;24.38420696
1508;76.01350541;24.32398362
1509;76.1103518;24.24063752
1510;76.1944224;24.16388817
1511;76.28593818;24.06961871
1512;76.38644962;23.97574699
1513;76.52326163;23.88809974
1514;76.57785897;23.76261207
1515;76.66993378;23.6609166
1516;76.82888587;23.55907148
1517;76.92066078;23.44388288
1518;77.07269689;23.3403015
1519;77.1279074;23.23594877
1520;77.24422072;23.13067541
1521;77.34761787;23.02163109
1522;77.4367578;22.9275393
1523;77.54476212;22.83903374
1524;77.63893645;22.75408235
1525;77.69929624;22.67507608
1526;77.75567876;22.61350305
1527;77.82762891;22.5537342
1528;77.89562093;22.51734287
1529;77.88948438;22.46682917
1530;77.9356554;22.44954977
1531;77.95299606;22.43519965
1532;77.95915795;22.44059417
1533;77.91293664;22.43601521
1534;77.91972734;22.47159858
1535;77.92412584;22.50885717
1536;77.85058366;22.54438615
1537;77.75730791;22.59879999
1538;77.69011242;22.67465708
1539;77.63664794;22.75054036
1540;77.60054742;22.86083631
1541;77.4755221;22.92912414
1542;77.28654148;23.03016377
1543;77.24102824;23.1649969
1544;77.15349054;23.29248696
1545;76.98195634;23.38924539
1546;76.89430458;23.53277167
1547;76.74646869;23.66655602
1548;76.57166524;23.78321762
1549;76.52452466;23.93931092
1550;76.33417359;24.06067936
1551;76.21894342;24.19124735
1552;76.09196908;24.29889342
1553;75.95413072;24.44438249
1554;75.8592257;24.55495885
1555;75.74763731;24.66559017
1556;75.63883411;24.76096702
1557;75.56010067;24.84603494
1558;75.49370577;24.93610103
1559;75.39999062;25.01403501
1560;75.3455158;25.04794703
1561;75.32010542;25.10759314
1562;75.28208443;25.13827533
1563;75.26830548;25.15441594
1564;75.25895771;25.14085058
1565;75.28002323;25.13674756
1566;75.3296102;25.11287166
1567;75.37522689;25.05642457
1568;75.40406108;24.97739998
1569;75.5186267;24.91674405
1570;75.62748297;24.82025945
1571;75.73912246;24.69516058
1572;75.8256273;24.54575342
1573;76.00478002;24.4198972
1574;76.18963088;24.24237174
1575;76.40265423;24.05112172
1576;76.57378938;23.85082917
1577;76.76076577;23.63270348
1578;77.01641453;23.40283216
1579;77.26390084;23.15303841
1580;77.56702717;22.88329006
1581;77.79771718;22.60040732
1582;78.08771906;22.32641152
1583;78.39860692;22.02528573
1584;78.72464785;21.70596878
1585;79.02979073;21.39205312
1586;79.36181262;21.05886419
1587;79.70526277;20.72082974
1588;80.03834787;20.37785812
1589;80.37307302;20.03231099
1590;80.75326584;19.68262048
1591;81.10554689;19.3314261
1592;81.41715073;18.98116162
1593;81.77853521;18.62032279
1594;82.1585159;18.27553574
1595;82.4800696;17.93814708
1596;82.79202562;17.60421411
1597;83.13129036;17.27037738
1598;83.47334796;16.97049069
1599;83.73708975;16.66164053
1600;84.06091064;16.36782001
1601;84.32162758;16.10141189
1602;84.53423025;15.85066173
1603;84.80122657;15.61826369
1604;85.00239327;15.40635865
1605;85.23055781;15.21368229
1606;85.37523825;15.03925816
1607;85.47502018;14.88330551
1608;85.62326513;14.78335285
1609;85.72388866;14.69219605
1610;85.77292016;14.6338186
1611;85.81054024;14.60682318
1612;85.8236431;14.59585101
1613;85.80209182;14.62121234
1614;85.73185408;14.6740122
1615;85.64126406;14.75390016
1616;85.54978399;14.86976904
1617;85.4453026;14.99887015
1618;85.22340616;15.16341564
1619;85.04836006;15.36961116
1620;84.86503433;15.56750625
1621;84.61660474;15.81130208
1622;84.33855719;16.08731296
1623;84.07391457;16.34685287
1624;83.781322;16.65106071
1625;83.43029161;16.97703484
1626;83.1286315;17.30667972
1627;82.78206529;17.64331028
1628;82.42094895;17.99641322
1629;82.06043339;18.37957749
1630;81.7093887;18.73785619
1631;81.30671596;19.12352461
1632;80.94034053;19.48433945
1633;80.54995513;19.88684168
1634;80.18023931;20.26262258
1635;79.84724859;20.63619572
1636;79.42000009;20.99554647
1637;79.07304718;21.38562197
1638;78.70519753;21.75231344
1639;78.3667664;22.08701725
1640;78.03412614;22.42951847
1641;77.68094463;22.76916967
1642;77.38386309;23.0723057
1643;77.07325567;23.39357798
1644;76.78479601;23.68509163
1645;76.51443685;23.95404133
1646;76.2427445;24.20822427
1647;76.02357159;24.45536349
1648;75.8018292;24.6863964
1649;75.56391418;24.88241017
1650;75.40237994;25.08055659
1651;75.23019784;25.25329982
1652;75.09459685;25.41606787
1653;74.92196957;25.5326344
1654;74.8372645;25.63996791
1655;74.76570555;25.74556337
1656;74.64497559;25.81935001
1657;74.61659962;25.8660628
1658;74.5614437;25.88785292
1659;74.60938011;25.93529909
1660;74.57985726;25.92659954
1661;74.60252452;25.903137
1662;74.62366288;25.85337434
1663;74.69965611;25.79430999
1664;74.7697854;25.72063628
1665;74.85819697;25.6269815
1666;74.95572596;25.52344137
1667;75.13081056;25.39056562
1668;75.24947303;25.25548986
1669;75.38013384;25.09372671
1670;75.58936567;24.92413788
1671;75.75890585;24.73331799
1672;75.94146553;24.53104697
1673;76.18177413;24.33531832
1674;76.40831574;24.10715226
1675;76.6063548;23.84993342
1676;76.86279404;23.62345039
1677;77.16698059;23.36879978
1678;77.3965267;23.10098023
1679;77.61953406;22.81511344
1680;77.95845702;22.57356274
1681;78.27006876;22.2704627
1682;78.49715452;21.97074931
1683;78.77073003;21.68936723
1684;79.13258597;21.40271682
1685;79.41593016;21.10012525
1686;79.64338258;20.80235824
1687;80.01112231;20.51440225
1688;80.28295577;20.20289688
1689;80.58301087;19.91496424
1690;80.84964503;19.63093275
1691;81.16021085;19.34059522
1692;81.4341794;19.05680146
1693;81.66523409;18.78700381
1694;81.97394778;18.51297418
1695;82.26615943;18.25717831
1696;82.44685842;18.01218222
1697;82.70053684;17.76935886
1698;82.99069576;17.5380832
1699;83.14622151;17.31891596
1700;83.34989185;17.11433186
1701;83.56601275;16.91745994
1702;83.77526461;16.74497293
1703;83.89842894;16.57335495
1704;84.07515769;16.42870246
1705;84.20314516;16.274691
1706;84.33708513;16.1525376
1707;84.42777935;16.05967166
1708;84.5702548;15.96277915
1709;84.62582476;15.8769524
1710;84.66608033;15.8049241
1711;84.69123961;15.76533238
1712;84.7800952;15.73043983
1713;84.7824975;15.70306341
1714;84.78999348;15.6922545
1715;84.78388012;15.69840024
1716;84.78013501;15.71600198
1717;84.75297078;15.73887502
1718;84.69262588;15.77048488
1719;84.67000735;15.82073988
1720;84.6254615;15.8738814
1721;84.52750962;15.94139617
1722;84.48316025;16.01758646
1723;84.41427874;16.0846374
1724;84.32582334;16.16820325
1725;84.2083336;16.26146615
1726;84.13136151;16.3502815
1727;84.07073034;16.44169085
1728;83.92896645;16.53327289
1729;83.85410755;16.63908907
1730;83.76233775;16.72234291
1731;83.68624161;16.81511392
1732;83.58442964;16.92183193
1733;83.50470212;16.99488723
1734;83.41079916;17.08205986
1735;83.3341311;17.1540115
1736;83.26508995;17.24245795
1737;83.20605167;17.28827423
1738;83.13629757;17.36164767
1739;83.06859826;17.40905932
1740;83.05115727;17.46886106
1741;83.01791064;17.49927213
1742;82.98436295;17.52032221
1743;82.95127563;17.54120451
1744;82.9458562;17.5496475
1745;82.9740394;17.54100228
1746;82.97169073;17.53427792
1747;82.98727645;17.51248872
1748;83.03719701;17.48160711
1749;83.07479544;17.43468201
1750;83.12114643;17.37963874
1751;83.21619275;17.31812519
1752;83.2878622;17.23418974
1753;83.35295566;17.15014269
1754;83.40255292;17.05611065
1755;83.5970031;16.94571319
1756;83.66807491;16.83114085
1757;83.80291085;16.69583069
1758;83.90571948;16.56438345
1759;84.10224741;16.41837691
1760;84.24159626;16.26730625
1761;84.37141298;16.09508646
1762;84.58110475;15.95374589
1763;84.77882663;15.75902758
1764;84.94449728;15.57342082
1765;85.13551441;15.39198635
1766;85.28363943;15.19804851
1767;85.50739002;15.00148135
1768;85.71092939;14.80387971
1769;85.90271004;14.60011597
1770;86.10565436;14.38688886
1771;86.31184721;14.18546446
1772;86.52708143;13.98109412
1773;86.71771749;13.77764073
1774;86.93713492;13.5797733
1775;87.12685518;13.3786057
1776;87.31634857;13.17931173
1777;87.53619615;12.99501315
1778;87.71756894;12.80714377
1779;87.84064823;12.62815771
1780;88.03648776;12.44910659
1781;88.20578533;12.29072551
1782;88.38975875;12.12991361
1783;88.49752315;12.00481803
1784;88.641462;11.8598173
1785;88.73789362;11.73923831
1786;88.88058967;11.64002622
1787;88.95860737;11.55115359
1788;89.02186646;11.46974402
1789;89.0807307;11.40922333
1790;89.141599;11.35924183
1791;89.16893336;11.34184956
1792;89.18054827;11.31915098
1793;89.18094219;11.32740435
1794;89.1476359;11.34364425
1795;89.14702765;11.39075008
1796;89.04793198;11.44125714
1797;88.99303965;11.51523152
1798;88.85922734;11.61468709
1799;88.82595006;11.73133087
1800;88.63445092;11.84775434
1801;88.52218065;12.00052928
1802;88.34026446;12.17621695
1803;88.1301299;12.35179116
1804;87.98263353;12.54651222
1805;87.75132727;12.75857266
1806;87.526302;12.98462644
1807;87.27254522;13.22586716
1808;87.01769938;13.48641349
1809;86.76120274;13.7506383
1810;86.46459205;14.01795859
1811;86.17862759;14.31035321
1812;85.88455928;14.62013748
1813;85.57836611;14.91160412
1814;85.27596705;15.23644615
1815;84.92192299;15.55457882
1816;84.63548857;15.88882409
1817;84.27653319;16.23614854
1818;83.92189851;16.5744779
1819;83.58741242;16.91049189
1820;83.2207373;17.25640112
1821;82.92187231;17.62045598
1822;82.53365738;17.94006757
1823;82.25191425;18.30101954
1824;81.88845976;18.64022624
1825;81.55063476;18.96620651
1826;81.2100108;19.30416935
1827;80.88342586;19.63395414
1828;80.58187545;19.94575894
1829;80.27985534;20.24547571
1830;79.96868122;20.54567421
1831;79.68482273;20.85030865
1832;79.40047183;21.13391069
1833;79.08703262;21.41297639
1834;78.84569931;21.69363607
1835;78.55681272;21.93550757
1836;78.32362123;22.2084474
1837;78.07320534;22.45532038
1838;77.84810819;22.68902735
1839;77.63454995;22.91072554
1840;77.41663609;23.11971892
1841;77.19499843;23.30359152
1842;77.0361122;23.4854409
1843;76.85516716;23.64962242
1844;76.70760068;23.8029117
1845;76.57780067;23.93531785
1846;76.46981223;24.05353684
1847;76.3532171;24.1570557
1848;76.26399355;24.25206915
1849;76.17706755;24.33954899
1850;76.10880884;24.40618659
1851;76.05953992;24.45347292
1852;76.02267323;24.49790435
1853;75.97639415;24.51490532
1854;75.97263577;24.53033286
1855;75.97997493;24.52393671
1856;75.99249361;24.50830751
1857;76.02607492;24.47317116
1858;76.06464967;24.42862324
1859;76.13143857;24.37529122
1860;76.2121483;24.3131472
1861;76.25442545;24.2206822
1862;76.36686529;24.13914428
1863;76.48695906;24.05191649
1864;76.5924582;23.93510149
1865;76.7315189;23.80705735
1866;76.85329224;23.65798126
1867;77.02787571;23.50640883
1868;77.18236108;23.33311279
1869;77.37243394;23.14420994
1870;77.56352389;22.94045561
1871;77.77592505;22.71101631
1872;77.98673342;22.47652735
1873;78.26587189;22.24985531
1874;78.4875335;21.9920837
1875;78.7237824;21.74108469
1876;78.97556539;21.49614775
1877;79.22436662;21.23496568
1878;79.48232638;20.99100127
1879;79.72562829;20.73557429
1880;79.97701748;20.47842542
1881;80.24818255;20.21137801
1882;80.49854091;19.95408878
1883;80.77684515;19.67311698
1884;81.07982831;19.37761834
1885;81.34676514;19.10205396
1886;81.67121394;18.81407744
1887;81.91324952;18.49259269
1888;82.23074094;18.18846739
1889;82.53232769;17.89951867
1890;82.81803703;17.58208909
1891;83.17502284;17.29562873
1892;83.44427512;17.00482738
1893;83.73463981;16.69393253
1894;84.02391069;16.40705035
1895;84.32771738;16.12819505
1896;84.62117274;15.83669174
1897;84.90744419;15.54282072
1898;85.16371047;15.27559488
1899;85.46701925;14.99187014
1900;85.7400618;14.70507161
1901;86.02493332;14.44919296
1902;86.2498228;14.16529613
1903;86.53702846;13.90406833
1904;86.76221187;13.6533987
1905;87.0258065;13.41529729
1906;87.22619682;13.1759313
1907;87.4255234;12.96335148
1908;87.6483511;12.76088529
1909;87.82640419;12.56975633
1910;88.06832646;12.39334932
1911;88.24179029;12.23649734
1912;88.35858171;12.07907827
1913;88.48859073;11.93181742
1914;88.59676801;11.80004755
1915;88.71561641;11.67936283
1916;88.82180645;11.57933152
1917;88.9104579;11.48813103
1918;89.0028165;11.40567647
1919;89.07848278;11.33606153
1920;89.0742089;11.28150474
1921;89.10873696;11.22342901
1922;89.14526832;11.21367607
1923;89.18319313;11.19469662
1924;89.17709817;11.19372033
1925;89.1852308;11.1993884
1926;89.14652258;11.21780545
1927;89.12919906;11.25368154
1928;89.09373275;11.29868703
1929;89.04221099;11.34966784
1930;88.97193339;11.40601588
1931;88.89826385;11.48468927
1932;88.83606985;11.56654042
1933;88.76655704;11.65237554
1934;88.62235746;11.75166233
1935;88.50293739;11.85954767
1936;88.40533271;11.96695969
1937;88.2915902;12.08385116
1938;88.19670797;12.21626693
1939;88.04495383;12.33617757
1940;87.91990275;12.46787192
1941;87.78531093;12.61559541
1942;87.6543197;12.74581596
1943;87.5144446;12.88007477
1944;87.35699479;13.02745157
1945;87.21634497;13.16911577
1946;87.09111867;13.31149136
1947;86.95108798;13.46517481
1948;86.80946138;13.60029783
1949;86.67991109;13.72579283
1950;86.55700501;13.88043654
1951;86.346692;14.02603535
1952;86.26587791;14.15017819
1953;86.15543464;14.28138449
1954;85.97848183;14.40118769
1955;85.81711872;14.53386805
1956;85.76757426;14.65647854
1957;85.63863086;14.77641823
1958;85.52925927;14.8748494
1959;85.42270288;14.99320309
1960;85.32300286;15.09414214
1961;85.22511681;15.18119631
1962;85.14149065;15.27428687
1963;85.05507041;15.3660099
1964;84.9740806;15.43671053
1965;84.92203254;15.50902122
1966;84.84178423;15.57239957
1967;84.77404657;15.626593
1968;84.74631895;15.68484577
1969;84.69522521;15.72471955
1970;84.66128495;15.76038093
1971;84.62830402;15.79294672
1972;84.59596135;15.81932413
1973;84.56521423;15.83247649
1974;84.56324336;15.85116089
1975;84.61269231;15.86569405
1976;84.5324009;15.8428161
1977;84.56468073;15.84098641
1978;84.63666779;15.8356009
1979;84.62371933;15.80185708
1980;84.61390659;15.77219359
1981;84.68132485;15.75812713
1982;84.70298479;15.71224276
1983;84.75303123;15.67115593
1984;84.7823877;15.61627571
1985;84.84268323;15.570574
1986;84.901556;15.5124821
1987;84.93982053;15.44870678
1988;85.04374185;15.38568782
1989;85.06941876;15.31055241
1990;85.13895568;15.2334578
1991;85.28946242;15.17200498
1992;85.27963723;15.08214738
1993;85.35778858;15.00255085
1994;85.44724117;14.92267785
1995;85.5424126;14.83893754
1996;85.61807395;14.75454009
1997;85.71111545;14.66899107
1998;85.81539274;14.57857007
1999;85.87985465;14.49492499
2000;85.91852218;14.3853712
2001;85.98295006;14.29644149
2002;86.05458981;14.21236356
2003;86.14222525;14.12284962
2004;86.23168936;14.04310541
2005;86.27459317;13.96362394
2006;86.41451657;13.89106025
2007;86.42760162;13.80436127
2008;86.4746042;13.7387584
2009;86.61127303;13.6798143
2010;86.67187877;13.60529071
2011;86.64358283;13.54022743
2012;86.75072141;13.5026324
2013;86.74480002;13.44933132
2014;86.83080917;13.40568284
2015;86.81352999;13.36774903
2016;86.85988297;13.34203686
2017;86.8979494;13.30867311
2018;86.85511295;13.29270217
2019;86.89616265;13.28425548
2020;86.87893051;13.28344985
2021;86.86141504;13.27595711
2022;86.83902797;13.29185293
2023;86.80587463;13.30719077
2024;86.77452057;13.33766416
2025;86.73366911;13.36997071
2026;86.66981999;13.41238765
2027;86.61517733;13.46223383
2028;86.55270365;13.5267956
2029;86.47088958;13.59433085
2030;86.38492969;13.66603106
2031;86.29034485;13.74366953
2032;86.20332299;13.83662825
2033;86.09377826;13.94094974
2034;85.97438118;14.03892999
2035;85.84976589;14.16669709
2036;85.70819943;14.28482885
2037;85.5784822;14.4053474
2038;85.41404346;14.54619785
2039;85.25907181;14.68842084
2040;85.11867015;14.82730942
2041;84.95129013;14.99566191
2042;84.77538033;15.15869874
2043;84.59449066;15.32319398
2044;84.42886764;15.49283169
2045;84.22948257;15.67953437
2046;84.03915537;15.85795068
2047;83.85706164;16.04607625
2048;83.64387403;16.24670191
2049;83.43775743;16.43784838
2050;83.241045;16.62971096
2051;83.04657859;16.83319792
2052;82.83052206;17.0455759
2053;82.59840288;17.23126415
2054;82.42328606;17.45458598
2055;82.20328581;17.65724738
2056;81.9481787;17.86095257
2057;81.77888288;18.07971356
2058;81.55967644;18.2808689
2059;81.37981362;18.48781496
2060;81.09838906;18.7056061
2061;80.91962412;18.91321002
2062;80.71601927;19.11509722
2063;80.527571;19.31442643
2064;80.31153582;19.5159489
2065;80.11540348;19.71555294
2066;79.91491679;19.90212585
2067;79.73844962;20.11143789
2068;79.53986859;20.29397694
2069;79.35743136;20.47705287
2070;79.18551795;20.655403
2071;79.01479098;20.83441695
2072;78.83275537;21.0062559
2073;78.70326739;21.17185945
2074;78.51729269;21.33393274
2075;78.36318065;21.48446902
2076;78.22785394;21.64527684
2077;78.08849161;21.77934575
2078;77.91768064;21.90421744
2079;77.83144806;22.05648108
2080;77.69265963;22.17330025
2081;77.60339163;22.28436512
2082;77.44461922;22.39170371
2083;77.36973502;22.50330279
2084;77.27620891;22.59192454
2085;77.18783105;22.68173412
2086;77.11024159;22.76879922
2087;77.01143243;22.83580591
2088;76.96639075;22.90174906
2089;76.91081532;22.9583194
2090;76.86672279;23.01215058
2091;76.80616209;23.04051909
2092;76.77861259;23.07546085
2093;76.75595262;23.10366739
2094;76.71600872;23.1119269
2095;76.71012364;23.12578903
2096;76.70912428;23.12506617
2097;76.69723275;23.11842183
2098;76.73511573;23.10923722
2099;76.73936361;23.09243528
2100;76.74127263;23.04373065
2101;76.79677917;23.01131483
2102;76.84944531;22.95324814
2103;76.88051879;22.90824189
2104;76.93924687;22.84728513
2105;77.00727409;22.76657799
2106;77.12282915;22.69052758
2107;77.14557876;22.60649457
2108;77.24760755;22.51728064
2109;77.30643138;22.39920327
2110;77.47965513;22.3010227
2111;77.5426694;22.17420742
2112;77.68294967;22.0500255
2113;77.76790928;21.92301196
2114;77.9264484;21.77555286
2115;78.05974811;21.6241172
2116;78.17697448;21.48829059
2117;78.33140065;21.32107648
2118;78.47468973;21.14171704
2119;78.6541817;20.9939184
2120;78.79235983;20.80140048
2121;78.99390983;20.61485333
2122;79.15411578;20.44190388
2123;79.31984365;20.24275525
2124;79.49559139;20.03342688
2125;79.71707815;19.83202581
2126;79.8950655;19.62800379
2127;80.080734;19.4124243
2128;80.26831299;19.18167597
2129;80.46915594;18.97138803
2130;80.68681535;18.74352033
2131;80.86186166;18.49944056
2132;81.08556286;18.28138591
2133;81.27962213;18.03735903
2134;81.49835791;17.79890068
2135;81.68464679;17.56103021
2136;81.88440886;17.3164367
2137;82.1057985;17.06317102
2138;82.29266178;16.82363612
2139;82.50080926;16.58563433
2140;82.72072058;16.33807706
2141;82.9159745;16.0970137
2142;83.08509204;15.83913493
2143;83.33110559;15.59659798
2144;83.50603538;15.35543595
2145;83.6749297;15.10342382
2146;83.87249446;14.85914969
2147;84.07936417;14.61983493
2148;84.24161131;14.38387023
2149;84.37771366;14.13669171
2150;84.5926871;13.90839139
2151;84.76009443;13.68718191
2152;84.91221887;13.45275546
2153;85.03300063;13.23617592
2154;85.21641128;13.02341058
2155;85.36776615;12.82126383
2156;85.47200088;12.59774745
2157;85.60858733;12.41360646
2158;85.73849418;12.21320216
2159;85.85761899;12.02622668
2160;85.94419508;11.85128234
2161;86.06374688;11.6812323
2162;86.16145182;11.51049231
2163;86.23098381;11.35436118
2164;86.29200465;11.21427506
2165;86.35332719;11.07041438
2166;86.41219258;10.93959553
2167;86.44857808;10.8202176
2168;86.45351136;10.69939574
2169;86.46835119;10.5971511
2170;86.45363677;10.50212806
2171;86.429297;10.41955462
2172;86.39269646;10.33282541
2173;86.3526004;10.28225278
2174;86.28003308;10.21307244
2175;86.15863515;10.16396011
2176;86.05259003;10.12232402
2177;85.92491984;10.09230113
2178;85.74160952;10.07461028
2179;85.59967961;10.06184895
2180;85.36072211;10.05662773
2181;85.14697214;10.06213877
2182;84.89302489;10.06880074
2183;84.57654043;10.09554829
2184;84.28181256;10.11952238
2185;83.89736989;10.14565513
2186;83.57393151;10.1828444
2187;83.01483769;10.2143518
2188;82.66486754;10.26993118
2189;82.16225447;10.31389913
2190;81.64336742;10.38035082
2191;81.02386616;10.44149751
2192;80.45249209;10.50247394
2193;79.83197837;10.58221303
2194;79.1654709;10.65948305
2195;78.50808313;10.74382319
2196;77.7869879;10.83178207
2197;77.04438063;10.92349745
2198;76.355269;11.02515637
2199;75.64387206;11.13898659
2200;74.89639437;11.25567364
2201;74.24180916;11.38745849
2202;73.55489299;11.51313744
2203;72.95235288;11.66938578
2204;72.3054938;11.82010405
2205;71.75869326;11.97743842
2206;71.18316739;12.14804731
2207;70.72390758;12.32980616
2208;70.31108405;12.5186128
2209;69.90715062;12.72085802
2210;69.55126692;12.92329354
2211;69.28105423;13.13098794
2212;69.00217465;13.34816139
2213;68.80239286;13.57779992
2214;68.60562225;13.79116356
2215;68.4834274;14.0260506
2216;68.3656699;14.26870064
2217;68.2807801;14.49234335
2218;68.2291344;14.73705482
2219;68.17483311;14.97385495
2220;68.16440195;15.21007955
2221;68.14963034;15.4415953
2222;68.11790335;15.67622347
2223;68.10093871;15.89446079
2224;68.09907794;16.11525628
2225;68.09352839;16.35227327
2226;68.0995034;16.56665513
2227;68.07752396;16.78233603
2228;68.06241787;16.98347611
2229;68.05698578;17.18474235
2230;68.03727199;17.38098241
2231;67.99751729;17.57451772
2232;67.97317625;17.76318818
2233;67.94027351;17.93307956
2234;67.90191309;18.10896181
2235;67.85002187;18.28224037
2236;67.80926498;18.43526702
2237;67.76044324;18.59856003
2238;67.71940517;18.75458956
2239;67.69093472;18.89125885
2240;67.65915337;19.03158825
2241;67.61169712;19.16461859
2242;67.58646199;19.29423528
2243;67.57152866;19.41196116
2244;67.55536546;19.5344061
2245;67.54432916;19.64086627
2246;67.55053319;19.7426053
2247;67.56125525;19.84105008
2248;67.58332851;19.93884562
2249;67.60170997;20.03030126
2250;67.63218396;20.11136633
2251;67.68373372;20.19120391
2252;67.75436115;20.26508757
2253;67.82022954;20.33173132
2254;67.89773952;20.39364947
2255;67.99305537;20.44960715
2256;68.0934412;20.50494982
2257;68.19594658;20.55320383
2258;68.31933003;20.5910028
2259;68.44199654;20.63362043
2260;68.55314772;20.66047324
2261;68.71480982;20.68749267
2262;68.86827845;20.69818612
2263;69.03309353;20.72199342
2264;69.20437418;20.73865128
2265;69.37013674;20.73971778
2266;69.54998423;20.73889433
2267;69.73177255;20.72751726
2268;69.92045985;20.7226663
2269;70.11935838;20.71068055
2270;70.3080287;20.68603792
2271;70.52579453;20.66755642
2272;70.74334117;20.64223372
2273;70.94078125;20.60832809
2274;71.13000837;20.56194031
2275;71.35499027;20.52682768
2276;71.56669087;20.47374126
2277;71.78934506;20.43811911
2278;71.98934917;20.37928971
2279;72.19143304;20.32032837
2280;72.3995454;20.26200149
2281;72.60596494;20.20625895
2282;72.83023833;20.1336078
2283;73.03960878;20.07283328
2284;73.23017845;19.99400154
2285;73.45220171;19.92501256
2286;73.65724374;19.85253139
2287;73.85481539;19.77375267
2288;74.05093448;19.68786356
2289;74.26980572;19.59825012
2290;74.49874314;19.53099565
2291;74.69513017;19.43118274
2292;74.88864115;19.33976151
2293;75.08848863;19.2545648
2294;75.31405333;19.17524833
2295;75.52417687;19.07238809
2296;75.69709139;18.98648924
2297;75.88495418;18.8794614
2298;76.10013044;18.77921477
2299;76.29952587;18.70730096
2300;76.48272058;18.59776889
2301;76.67847332;18.48963916
2302;76.84843549;18.39341671
2303;77.05528433;18.30532824
2304;77.24853294;18.20655306
2305;77.41320847;18.11805189
2306;77.5725732;18.01554591
2307;77.76291324;17.92205798
2308;77.94508269;17.83277733
2309;78.11214968;17.74101243
2310;78.26960266;17.65934138
2311;78.4237856;17.56318311
2312;78.58007778;17.47867552
2313;78.74289194;17.39996017
2314;78.87538835;17.32819549
2315;79.01658161;17.24325617
2316;79.16220929;17.16664739
2317;79.30609674;17.08969009
2318;79.45255706;17.03582227
2319;79.56830197;16.95744911
2320;79.67858489;16.89581697
2321;79.80880577;16.81640939
2322;79.92614736;16.78070888
2323;80.02034106;16.70185898
2324;80.08885375;16.65984508
2325;80.16656538;16.61143716
2326;80.2978271;16.57682726
2327;80.39497836;16.53853968
2328;80.44644051;16.49331608
2329;80.51701649;16.4685286
2330;80.57354311;16.43695066
2331;80.67517051;16.41514256
2332;80.71989802;16.40974957
2333;80.77007464;16.40204203
2334;80.79111875;16.38873635
2335;80.87300802;16.37545296
2336;80.88012276;16.37035148
2337;80.89919836;16.37538648
2338;80.91763879;16.37780822
2339;80.94376693;16.40088523
2340;80.97590988;16.41938982
2341;80.96627406;16.41706092
2342;80.97320244;16.46621834
2343;80.95419749;16.46661593
2344;80.93008815;16.50983225
2345;80.91878001;16.55262691
2346;80.90413151;16.60153216
2347;80.8706397;16.64789144
2348;80.83769316;16.67310798
2349;80.80659294;16.75146384
2350;80.78630275;16.79911009
2351;80.72595588;16.83582487
2352;80.67695498;16.91862354
2353;80.6440365;16.98842462
2354;80.58512653;17.06067256
2355;80.54020945;17.12981148
2356;80.46676553;17.22336903
2357;80.3757157;17.28619415
2358;80.33504028;17.37138152
2359;80.28341552;17.4622018
2360;80.20342563;17.56646561
2361;80.10691456;17.64146392
2362;80.03794184;17.73496359
2363;79.94814478;17.82099161
2364;79.88994093;17.93453333
2365;79.76489283;18.02413242
2366;79.70394686;18.12881032
2367;79.59379898;18.21380127
2368;79.49188225;18.30563764
2369;79.4175809;18.42906829
2370;79.24971214;18.51727116
2371;79.20101089;18.63091985
2372;79.08977073;18.71626326
2373;78.97546276;18.83250683
2374;78.88695978;18.95161644
2375;78.76881341;19.03841437
2376;78.65711262;19.13593443
2377;78.54224596;19.24965755
2378;78.46396496;19.35590862
2379;78.37825773;19.45373417
2380;78.24184426;19.53955588
2381;78.15743667;19.65286361
2382;78.06469407;19.74969987
2383;77.94149168;19.84278502
2384;77.84392589;19.9552135
2385;77.73441569;20.04890581
2386;77.64436343;20.14321551
2387;77.52754968;20.22445166
2388;77.42421065;20.31519147
2389;77.32745122;20.41186117
2390;77.2037113;20.47740432
2391;77.1383431;20.57514766
2392;77.00650873;20.64767668
2393;76.92040622;20.7211465
2394;76.79208257;20.79437803
2395;76.71710902;20.89082234
2396;76.59930265;20.94680871
2397;76.49697241;21.00938612
2398;76.41623456;21.06752896
2399;76.3277805;21.11985146
2400;76.22774814;21.17131314
2401;76.15285416;21.24344879
2402;76.07716408;21.28675185
2403;75.97945612;21.33823403
2404;75.9228476;21.36952779
2405;75.82636959;21.41132686
2406;75.77074675;21.43354529
2407;75.69636387;21.47739079
2408;75.63903464;21.51020362
2409;75.55875717;21.53836904
2410;75.51466008;21.55782145
2411;75.43760031;21.56009227
2412;75.38203972;21.57034358
2413;75.33269931;21.58844591
2414;75.27707933;21.58589776
2415;75.18795358;21.58531992
2416;75.18283753;21.59292407
2417;75.09695476;21.58870557
2418;75.0812567;21.5653647
2419;75.03149095;21.5351731
2420;75.00455194;21.53663594
2421;74.96838501;21.49820438
2422;74.95366015;21.47905778
2423;74.93739076;21.44353261
2424;74.9257958;21.41644728
2425;74.87848752;21.37213365
2426;74.87734544;21.33079021
2427;74.868775;21.28287215
2428;74.87583907;21.24428059
2429;74.86480912;21.18273163
2430;74.85281703;21.1271433
2431;74.89184161;21.06186126
2432;74.90450787;21.00819361
2433;74.90269643;20.92912885
2434;74.91797892;20.85884275
2435;74.9421911;20.77493607
2436;74.95357533;20.68943393
2437;74.99067135;20.6020224
2438;75.00836944;20.52039703
2439;75.03791468;20.42757005
2440;75.0771332;20.33049332
2441;75.12426847;20.23422993
2442;75.12681089;20.12494871
2443;75.17410282;20.01746022
2444;75.20506296;19.91016974
2445;75.26201872;19.80380857
2446;75.30397835;19.68218807
2447;75.36719927;19.56412383
2448;75.4059515;19.44156592
2449;75.45104408;19.31993512
2450;75.53593274;19.19561284
2451;75.57895047;19.06240428
2452;75.64749593;18.93621001
2453;75.7211875;18.79365626
2454;75.80525862;18.6743298
2455;75.86368125;18.53091496
2456;75.94069924;18.39851744
2457;75.9970815;18.2537037
2458;76.09014758;18.11769968
2459;76.16939652;17.97602604
2460;76.25901296;17.82254525
2461;76.33010513;17.67820514
2462;76.40603731;17.52673153
2463;76.47513272;17.3833059
2464;76.55000507;17.22784617
2465;76.64734242;17.061752
2466;76.7226655;16.91260758
2467;76.79930059;16.76229569
2468;76.86248483;16.60716221
2469;76.9375596;16.44694381
2470;77.00479404;16.29861033
2471;77.06585076;16.1347106
2472;77.13280545;15.98616159
2473;77.19394534;15.82070346
2474;77.26753931;15.67081052
2475;77.32670477;15.51365439
2476;77.40213861;15.35297215
2477;77.48174286;15.19900395
2478;77.53818956;15.05009483
2479;77.60636453;14.90177499
2480;77.64077191;14.75935569
2481;77.70116149;14.60256496
2482;77.75855947;14.43725882
2483;77.79787932;14.30047386
2484;77.84619724;14.15768919
2485;77.88131723;14.00406048
2486;77.91469449;13.87713555
2487;77.95783534;13.74209559
2488;77.96740663;13.59433373
2489;78.00134985;13.46103217
2490;77.9989509;13.3249959
2491;78.00160931;13.19796709
2492;78.03650487;13.07735062
2493;78.0239214;12.95148455
2494;78.03436958;12.83322097
2495;78.00393351;12.71146244
2496;78.00486043;12.61010502
2497;77.96564518;12.49092838
2498;77.95097682;12.40063192
2499;77.91576829;12.29382076
2500;77.92384165;12.20392144
