Wavelength (nm);Optical Density;% Transmission
200;6,070624;8,49916E-05
201;6,075914;8,39626E-05
202;6,0229;9,48637E-05
203;6,01333;9,69773E-05
204;6,003255;9,92533E-05
205;6,053577;8,8394E-05
206;6,047967;8,95433E-05
207;5,993247;0,000101567
208;5,961598;0,000109245
209;5,961391;0,000109297
210;5,983178;0,000103949
211;5,988011;0,000102799
212;5,978362;0,000105109
213;5,987393;0,000102945
214;5,99622;0,000100874
215;5,99604;0,000100916
216;6,020137;9,54691E-05
217;6,024967;9,44133E-05
218;5,986063;0,000103261
219;5,96791;0,000107669
220;5,950336;0,000112115
221;5,981106;0,000104447
222;6,034693;9,23224E-05
223;5,985872;0,000103307
224;5,934005;0,000116411
225;5,963894;0,000108669
226;5,938609;0,000115184
227;5,888287;0,000129334
228;5,943341;0,000113935
229;5,978697;0,000105027
230;5,961136;0,000109361
231;5,931933;0,000116968
232;5,936269;0,000115806
233;5,948966;0,000112469
234;5,962123;0,000109113
235;5,957967;0,000110162
236;5,937105;0,000115583
237;5,92496;0,000118861
238;5,953928;0,000111192
239;5,962325;0,000109062
240;5,92913;0,000117725
241;5,937335;0,000115522
242;5,966847;0,000107933
243;5,975838;0,000105721
244;5,962487;0,000109022
245;5,933187;0,000116631
246;5,945682;0,000113323
247;5,95844;0,000110042
248;5,954378;0,000111076
249;5,962883;0,000108922
250;5,958804;0,00010995
251;5,950542;0,000112062
252;5,938334;0,000115257
253;5,963815;0,000108689
254;6,005046;9,88448E-05
255;5,990971;0,000102101
256;5,982189;0,000104186
257;5,951898;0,000111713
258;5,935207;0,00011609
259;5,947537;0,00011284
260;5,982271;0,000104167
261;5,964648;0,000108481
262;5,930976;0,000117226
263;5,955706;0,000110737
264;5,934754;0,000116211
265;5,914731;0,000121694
266;5,930471;0,000117362
267;5,999876;0,000100029
268;5,938237;0,000115282
269;5,918063;0,000120764
270;5,918113;0,00012075
271;5,910135;0,000122989
272;5,917877;0,000120816
273;5,946134;0,000113205
274;5,94606;0,000113224
275;5,972227;0,000106604
276;5,950527;0,000112066
277;5,942117;0,000114257
278;5,98575;0,000103336
279;5,946628;0,000113076
280;5,955296;0,000110842
281;5,934617;0,000116247
282;5,915032;0,00012161
283;5,947332;0,000112893
284;5,943355;0,000113932
285;5,939248;0,000115014
286;6,00587;9,86575E-05
287;5,943779;0,000113821
288;5,956644;0,000110498
289;5,961134;0,000109362
290;5,92018;0,000120177
291;5,932408;0,00011684
292;5,961788;0,000109197
293;5,945034;0,000113492
294;5,975056;0,000105912
295;5,984196;0,000103706
296;5,949801;0,000112253
297;5,966923;0,000107914
298;5,980313;0,000104637
299;5,962996;0,000108894
300;5,926292;0,000118497
301;5,903426;0,000124903
302;5,930523;0,000117348
303;5,959573;0,000109756
304;5,947126;0,000112947
305;5,943266;0,000113955
306;5,951775;0,000111744
307;5,947714;0,000112794
308;5,923709;0,000119204
309;5,940042;0,000114804
310;5,987409;0,000102942
311;5,987781;0,000102853
312;5,978957;0,000104965
313;5,997194;0,000100648
314;5,953469;0,000111309
315;5,93721;0,000115555
316;5,89535;0,000127248
317;5,881129;0,000131483
318;5,903211;0,000124965
319;5,922304;0,00011959
320;5,954374;0,000111077
321;5,980592;0,00010457
322;6,022583;9,4933E-05
323;5,980707;0,000104543
324;6,00376;9,9138E-05
325;6,027751;9,381E-05
326;5,994798;0,000101205
327;6,033076;9,26668E-05
328;5,951501;0,000111815
329;5,990979;0,000102099
330;6,014254;9,67712E-05
331;5,865996;0,000136146
332;5,70157;0,000198806
333;5,704387;0,000197521
334;5,81534;0,000152989
335;5,969647;0,000107239
336;6,034372;9,23906E-05
337;5,969909;0,000107174
338;5,974335;0,000106088
339;6,001348;9,96901E-05
340;6,015367;9,65235E-05
341;5,953789;0,000111227
342;6,015923;9,64E-05
343;5,988296;0,000102732
344;6,040786;9,10362E-05
345;5,988602;0,000102659
346;5,971366;0,000106815
347;5,962967;0,000108901
348;6,002885;9,93379E-05
349;5,989216;0,000102514
350;5,963514;0,000108764
351;5,886562;0,000129849
352;5,998851;0,000100265
353;6,008225;9,81239E-05
354;6,027377;9,38908E-05
355;5,939519;0,000114943
356;5,927864;0,000118069
357;5,890913;0,000128554
358;5,924213;0,000119066
359;5,990628;0,000102181
360;5,928512;0,000117893
361;5,964963;0,000108402
362;5,956719;0,000110479
363;5,913612;0,000122008
364;5,924977;0,000118857
365;5,944798;0,000113554
366;5,902703;0,000125111
367;5,982621;0,000104083
368;5,949122;0,000112429
369;5,906862;0,000123919
370;5,874957;0,000133365
371;5,817493;0,000152232
372;5,700057;0,0001995
373;5,761515;0,000173175
374;5,903514;0,000124878
375;5,922535;0,000119527
376;5,833313;0,000146787
377;5,839351;0,00014476
378;5,812104;0,000154133
379;5,939389;0,000114977
380;5,982863;0,000104025
381;5,933722;0,000116487
382;6,014779;9,66543E-05
383;6,080514;8,3078E-05
384;5,992422;0,00010176
385;6,001623;9,9627E-05
386;6,010959;9,75082E-05
387;6,01581;9,64251E-05
388;6,011476;9,73922E-05
389;6,002366;9,94567E-05
390;6,00246;9,94352E-05
391;6,026104;9,41664E-05
392;5,994112;0,000101365
393;5,936285;0,000115802
394;6,012599;9,71406E-05
395;5,994589;0,000101254
396;5,956612;0,000110507
397;5,372741897;0,000423895
398;5,099034438;0,000796096
399;5,020871616;0,000953078
400;5,017746198;0,000959961
401;5,048548;0,000894236
402;5,131775867;0,000738285
403;5,461226222;0,000345759
404;5,915868;0,000121376
405;5,942689;0,000114107
406;5,942882;0,000114056
407;5,939298;0,000115001
408;5,821378;0,000150877
409;5,606987;0,00024718
410;5,585985;0,000259427
411;5,807308;0,000155845
412;5,889145;0,000129079
413;5,956311;0,000110583
414;5,968702;0,000107473
415;5,99892;0,000100249
416;5,933439;0,000116563
417;5,981833;0,000104272
418;5,990592;0,00010219
419;5,986526;0,000103151
420;5,969903;0,000107176
421;5,991394;0,000102001
422;6,023009;9,48399E-05
423;6,000347;9,99201E-05
424;5,905493;0,00012431
425;5,935258;0,000116076
426;6,001152;9,97351E-05
427;5,955139;0,000110882
428;5,967416;0,000107791
429;5,975832;0,000105723
430;5,939932;0,000114833
431;6,011031;9,7492E-05
432;6,029817;9,33648E-05
433;5,985143;0,00010348
434;6,044518;9,02572E-05
435;5,994075;0,000101374
436;6,007522;9,82829E-05
437;6,030592;9,31983E-05
438;5,949174;0,000112415
439;6,055342;8,80355E-05
440;6,021877;9,50874E-05
441;5,934383;0,00011631
442;5,927128;0,000118269
443;5,958094;0,00011013
444;5,95818;0,000110108
445;5,950531;0,000112065
446;5,943111;0,000113996
447;5,996473;0,000100815
448;6,028196;9,37139E-05
449;5,955598;0,000110765
450;5,921783;0,000119734
451;5,89369;0,000127735
452;5,952382;0,000111588
453;5,976892;0,000105465
454;5,960834;0,000109437
455;5,912064;0,000122444
456;5,884761;0,000130388
457;5,930826;0,000117267
458;5,920019;0,000120221
459;6,045277;9,00996E-05
460;6,148475;7,10436E-05
461;6,017583;9,60322E-05
462;6,01779;9,59865E-05
463;6,041223;9,09446E-05
464;6,086598;8,19223E-05
465;5,996172;0,000100885
466;6,056272;8,78472E-05
467;5,959493;0,000109776
468;6,018659;9,57946E-05
469;6,032576;9,27735E-05
470;6,098047;7,97908E-05
471;6,001282;9,97052E-05
472;6,09823;7,97572E-05
473;6,061871;8,67219E-05
474;5,897638;0,000126579
475;6,077119;8,373E-05
476;6,010222;9,76738E-05
477;6,042421;9,06941E-05
478;6,032958;9,26919E-05
479;5,933269;0,000116609
480;6,072646096;8,45968E-05
481;6,002799459;9,93575E-05
482;5,931715914;0,000117026
483;5,9983031;0,000100391
484;5,9231171;0,000119367
485;5,857198554;0,000138932
486;5,782997827;0,000164817
487;5,848867516;0,000141623
488;5,773235971;0,000168564
489;5,712356607;0,000193929
490;5,778650223;0,000166475
491;5,614373855;0,000243011
492;5,602989309;0,000249466
493;5,691549747;0,000203447
494;5,547149107;0,000283694
495;5,609674272;0,000245655
496;5,601527636;0,000250307
497;5,651263028;0,000223222
498;5,497388429;0,000318135
499;5,510231591;0,000308865
500;5,500809301;0,000315639
501;5,346125072;0,000450687
502;5,305396505;0,000494998
503;5,223047553;0,000598346
504;5,347333777;0,000449434
505;5,098433806;0,000797198
506;4,815134258;0,001530614
507;4,610086516;0,00245422
508;4,277737522;0,005275486
509;3,680174661;0,02088456
510;3,095074628;0,080338806
510,1000061;3,033670839;0,092539929
510,2000122;2,97995623;0,104723409
510,2999878;2,915023871;0,121611916
510,3999939;2,811206475;0,154451996
510,5;2,759018988;0,174173072
510,6000061;2,684845981;0,206611276
510,7000122;2,589791234;0,257163167
510,7999878;2,530730955;0,294624627
510,8999939;2,441236242;0,362046003
511;2,364879726;0,431638598
511,1000061;2,265034936;0,543206632
511,2000122;2,174921935;0,668464065
511,2999878;2,080605225;0,830605447
511,3999939;1,990775114;1,021468282
511,5;1,879225129;1,320610881
511,6000061;1,772459095;1,6886549
511,7000122;1,660353231;2,185982943
511,7999878;1,547712391;2,833267689
511,8999939;1,421429046;3,789404392
512;1,295865409;5,059814453
512,0999756;1,163924633;6,856071949
512,2000122;1,04093069;9,100584984
512,2999878;0,908721488;12,33895874
512,4000244;0,76536973;17,16446495
512,5;0,627169218;23,59558678
512,5999756;0,48944822;32,40050507
512,7000122;0,3705896;42,60007858
512,7999878;0,249277558;56,32775497
512,9000244;0,158314267;69,45215607
513;0,087941592;81,66921997
513,0999756;0,049766491;89,17302704
513,2000122;0,027356914;93,89513397
513,2999878;0,02079386;95,32485199
513,4000244;0,02248505;94,95436859
513,5;0,02616077;94,15409851
513,5999756;0,029092435;93,5206604
513,7000122;0,030889988;93,13437653
513,7999878;0,031208836;93,06602478
513,9000244;0,028370731;93,67620087
514;0,025497534;94,29799652
514,0999756;0,020690812;95,34747314
514,2000122;0,01725969;96,10374451
514,2999878;0,014363787;96,74671173
514,4000244;0,013300996;96,98375702
514,5;0,012514626;97,15952301
514,5999756;0,01386925;96,85694122
514,7000122;0,013840002;96,86346436
514,7999878;0,015503144;96,49323273
514,9000244;0,01525821;96,54766846
515;0,015299978;96,53838348
515,0999756;0,015044044;96,59529114
515,2000122;0,018892709;95,74305725
515,2999878;0,02723254;93,92202759
515,4000244;0,048219949;89,49114227
515,5;0,085552739;82,11968231
515,5999756;0,146525607;71,36321259
515,7000122;0,22207097;59,96930695
515,7999878;0,332352953;46,52078629
515,9000244;0,453973046;35,15822601
516;0,590496336;25,67459869
516,0999756;0,715088658;19,27131462
516,2000122;0,852624427;14,04027367
516,2999878;0,988480556;10,26879406
516,4000244;1,120536843;7,576404572
516,5;1,248996707;5,636419296
516,5999756;1,363255551;4,332558632
516,7000122;1,487266818;3,256365776
516,7999878;1,597534514;2,526186943
516,9000244;1,711636149;1,942512631
517;1,813254914;1,537252069
517,0999756;1,920092725;1,202007771
517,2000122;2,008473531;0,980678081
517,2999878;2,113980565;0,76916486
517,4000244;2,198202974;0,633573532
517,5;2,270328931;0,536625207
517,5999756;2,36826532;0,428286791
517,7000122;2,443907317;0,359826118
517,7999878;2,526736121;0,297347218
517,9000244;2,581728804;0,261981845
518;2,686812315;0,205677927
518,0999756;2,739317211;0,182256401
518,2000122;2,797086815;0,159556016
518,2999878;2,885255088;0,130240157
518,4000244;2,935860526;0,115914956
518,5;3,024579844;0,094497465
518,5999756;3,083762942;0,082458809
518,7000122;3,135876351;0,073134728
518,7999878;3,180987054;0,065919355
518,9000244;3,246713748;0,056661263
519;3,280447266;0,052426726
520;3,824886993;0,01496625
521;4,115240222;0,007669372
522;4,663828521;0,00216856
523;4,965229703;0,001083354
524;5,227930537;0,000591656
525;5,459331177;0,000347271
526;5,33466055;0,000462743
527;5,537908037;0,000289796
528;5,712100208;0,000194044
529;5,609641366;0,000245674
530;5,579485568;0,000263339
531;5,704374544;0,000197527
532;5,665273651;0,000216136
533;5,607420517;0,000246933
534;5,691304713;0,000203561
535;5,603946653;0,000248916
536;5,606656765;0,000247368
537;5,664463776;0,000216539
538;5,667566887;0,000214997
539;5,693616665;0,000202481
540;5,656841236;0,000220373
541;5,736516808;0,000183435
542;5,62710465;0,000235991
543;5,717694221;0,00019156
544;5,814826793;0,00015317
545;5,854594;0,000139767
546;5,842634;0,00014367
547;5,873566;0,000133793
548;5,965764;0,000108202
549;5,931728;0,000117023
550;5,990332;0,000102251
551;6,020621;9,53628E-05
552;5,986257;0,000103215
553;5,990482;0,000102216
554;5,990571;0,000102195
555;5,958433;0,000110044
556;5,994906;0,00010118
557;5,986541;0,000103148
558;6,01219;9,72322E-05
559;5,966596;0,000107995
560;5,976941;0,000105453
561;5,983415833;0,000103892
562;5,983348;0,000103909
563;5,990155;0,000102293
564;6,0144125;9,67359E-05
565;6,030305167;9,32599E-05
566;6,026938;9,39857E-05
567;6,024008167;9,46219E-05
568;6,030971667;9,31169E-05
569;6,032502333;9,27893E-05
570;6,004436833;9,89836E-05
571;5,981667333;0,000104312
572;5,9891105;0,000102539
573;5,993616667;0,000101481
574;5,994468667;0,000101282
575;5,996759167;0,000100749
576;5,997453333;0,000100588
577;6,009789833;9,7771E-05
578;6,015782;9,64313E-05
579;6,017413333;9,60698E-05
580;6,013523;9,69342E-05
581;6,008431833;9,80772E-05
582;6,0103565;9,76435E-05
583;5,995258167;0,000101098
584;5,975871667;0,000105713
585;5,968500167;0,000107523
586;5,965564833;0,000108252
587;5,965668;0,000108226
588;5,9789785;0,000104959
589;5,9928315;0,000101664
590;5,997156167;0,000100657
591;5,991093333;0,000102072
592;5,976503667;0,000105559
593;5,9666455;0,000107983
594;5,959472667;0,000109781
595;5,9616645;0,000109228
596;5,964938833;0,000108408
597;5,968344167;0,000107561
598;5,9788085;0,000105001
599;5,9846975;0,000103586
600;5,978791833;0,000105005
601;5,974028167;0,000106163
602;5,971512333;0,000106779
603;5,960790333;0,000109448
604;5,962193667;0,000109095
605;5,973832167;0,000106211
606;5,975816;0,000105727
607;5,970714333;0,000106976
608;5,971997833;0,00010666
609;5,980772833;0,000104527
610;5,983734833;0,000103816
611;5,981443667;0,000104365
612;5,987580667;0,000102901
613;5,9908105;0,000102139
614;5,992172;0,000101819
615;5,999200667;0,000100184
616;5,9970635;0,000100678
617;5,997847;0,000100497
618;6,0030335;9,93039E-05
619;6,0037135;9,91486E-05
620;6,000527833;9,98785E-05
621;5,996969333;0,0001007
622;5,9991885;0,000100187
623;6,001594;9,96336E-05
624;6,014053667;9,68158E-05
625;6,037824167;9,16592E-05
626;6,047894667;8,95582E-05
627;6,046592667;8,98271E-05
628;6,041613833;9,08628E-05
629;6,024690833;9,44733E-05
630;5,992418667;0,000101761
631;5,9636535;0,000108729
632;5,948846167;0,0001125
633;5,931892667;0,000116979
634;5,916493833;0,000121201
635;5,9093535;0,00012321
636;5,913575333;0,000122018
637;5,916763333;0,000121126
638;5,920418333;0,000120111
639;5,922073833;0,000119654
640;5,9209885;0,000119953
641;5,926339333;0,000118484
642;5,928249;0,000117964
643;5,926987667;0,000118308
644;5,927593167;0,000118143
645;5,932202167;0,000116896
646;5,937921833;0,000115366
647;5,939171833;0,000115035
648;5,93613;0,000115843
649;5,9215315;0,000119803
650;5,903604;0,000124852
651;5,892213833;0,00012817
652;5,883357333;0,000130811
653;5,875170833;0,0001333
654;5,868876;0,000135246
655;5,875884;0,000133081
656;5,886836;0,000129767
657;5,889994;0,000128827
658;5,890552167;0,000128661
659;5,8958005;0,000127116
660;5,912553167;0,000122306
661;5,916619333;0,000121166
662;5,921301667;0,000119867
663;5,933904;0,000116438
664;5,945343;0,000113411
665;5,950332667;0,000112116
666;5,946297333;0,000113163
667;5,955795;0,000110715
668;5,968897;0,000107424
669;5,9889125;0,000102586
670;5,992143667;0,000101825
671;5,986061833;0,000103261
672;5,9804;0,000104616
673;5,9765385;0,000105551
674;5,968476667;0,000107528
675;5,952401167;0,000111583
676;5,956418;0,000110556
677;5,962579667;0,000108998
678;5,962049333;0,000109132
679;5,956527167;0,000110528
680;5,9481275;0,000112687
681;5,940073667;0,000114796
682;5,93361;0,000116517
683;5,925168667;0,000118804
684;5,918845667;0,000120546
685;5,903482333;0,000124887
686;5,8806995;0,000131614
687;5,8552345;0,000139561
688;5,827622167;0,000148723
689;5,805751833;0,000156404
690;5,788207333;0,000162852
691;5,774339;0,000168136
692;5,767999833;0,000170608
693;5,757261;0,00017488
694;5,742670667;0,000180855
695;5,744815667;0,000179963
696;5,756615333;0,00017514
697;5,7770565;0,000167087
698;5,804020333;0,000157029
699;5,837473333;0,000145387
700;5,8817065;0,000131309
701;5,9100375;0,000123016
702;5,928540833;0,000117885
703;5,941174167;0,000114505
704;5,9506645;0,00011203
705;5,959726333;0,000109717
706;5,956015;0,000110659
707;5,946479833;0,000113115
708;5,932207667;0,000116894
709;5,922914667;0,000119422
710;5,9087215;0,00012339
711;5,900294;0,000125807
712;5,893958;0,000127656
713;5,8913105;0,000128437
714;5,897013333;0,000126761
715;5,906383;0,000124056
716;5,9164395;0,000121216
717;5,917112667;0,000121028
718;5,9154925;0,000121481
719;5,919946667;0,000120241
720;5,917697;0,000120866
721;5,911796;0,000122519
722;5,9118405;0,000122507
723;5,9153765;0,000121513
724;5,924697167;0,000118933
725;5,9408025;0,000114603
726;5,950575167;0,000112053
727;5,952351;0,000111596
728;5,951794;0,000111739
729;5,941789167;0,000114343
730;5,928355;0,000117936
731;5,913522167;0,000122033
732;5,90675;0,000123951
733;5,900642167;0,000125707
734;5,906218667;0,000124103
735;5,926743833;0,000118374
736;5,948871;0,000112494
737;5,956991167;0,00011041
738;5,967849833;0,000107684
739;5,979594833;0,000104811
740;5,991344667;0,000102013
741;5,9921075;0,000101834
742;5,992189667;0,000101815
743;5,9998385;0,000100037
744;5,9972365;0,000100638
745;6,003243833;9,92559E-05
746;5,992283833;0,000101793
747;5,977779833;0,00010525
748;5,964522333;0,000108512
749;5,948401833;0,000112615
750;5,945276;0,000113429
751;5,935120333;0,000116113
752;5,927292333;0,000118225
753;5,932080333;0,000116928
754;5,933912167;0,000116436
755;5,927887333;0,000118063
756;5,8765155;0,000132888
757;5,821766167;0,000150742
758;5,791762;0,000161524
759;5,7789725;0,000166352
760;5,8011095;0,000158085
761;5,822713667;0,000150413
762;5,875461833;0,00013321
763;5,929166;0,000117716
764;5,976787333;0,00010549
765;5,990981833;0,000102098
766;5,971399;0,000106807
767;5,960795833;0,000109447
768;5,9609;0,000109421
769;5,971713833;0,00010673
770;5,957213167;0,000110354
771;5,941632167;0,000114385
772;5,930392333;0,000117384
773;5,920161667;0,000120182
774;5,9084275;0,000123473
775;5,90648;0,000124028
776;5,911558333;0,000122586
777;5,926069333;0,000118558
778;5,932752333;0,000116748
779;5,917850167;0,000120823
780;5,889838333;0,000128873
781;5,856921;0,000139021
782;5,830033833;0,000147899
783;5,815179333;0,000153046
784;5,8151905;0,000153042
785;5,836316;0,000145775
786;5,872488;0,000134126
787;5,897380833;0,000126654
788;5,925641167;0,000118675
789;5,941207;0,000114497
790;5,939039333;0,00011507
791;5,939184;0,000115031
792;5,940498333;0,000114684
793;5,9120165;0,000122457
794;5,856614;0,000139119
795;5,808421333;0,000155446
796;5,761151167;0,00017332
797;5,724446;0,000188605
798;5,700492833;0,0001993
799;5,724521167;0,000188573
800;5,7709185;0,000169466
801;5,8168385;0,000152462
802;5,863104667;0,000137055
803;5,9022355;0,000125246
804;5,926926667;0,000118324
805;5,923215667;0,00011934
806;5,9226835;0,000119486
807;5,893137;0,000127898
808;5,883409833;0,000130795
809;5,876019333;0,00013304
810;5,862420333;0,000137271
811;5,872636;0,00013408
812;5,873271167;0,000133884
813;5,923444167;0,000119277
814;5,956206333;0,00011061
815;5,946015167;0,000113236
816;5,948040333;0,000112709
817;5,9562935;0,000110588
818;5,942524667;0,00011415
819;5,913861833;0,000121938
820;5,898198667;0,000126416
821;5,908236;0,000123528
822;5,901059833;0,000125586
823;5,878774;0,000132198
824;5,855258667;0,000139554
825;5,834242667;0,000146473
826;5,839731833;0,000144633
827;5,8204755;0,00015119
828;5,821635;0,000150787
829;5,804338167;0,000156914
830;5,7990165;0,000158849
831;5,760556333;0,000173558
832;5,692092;0,000203193
833;5,657133833;0,000220225
834;5,602783167;0,000249584
835;5,561127667;0,000274709
836;5,553972833;0,000279272
837;5,5699605;0,000269178
838;5,5868455;0,000258913
839;5,609437833;0,000245789
840;5,641788;0,000228146
841;5,675105;0,000211298
842;5,703433;0,000197955
843;5,712186833;0,000194005
844;5,699518;0,000199748
845;5,688567667;0,000204848
846;5,704695667;0,000197381
847;5,7111815;0,000194455
848;5,696683167;0,000201056
849;5,690869833;0,000203765
850;5,666241667;0,000215654
851;5,638367833;0,000229949
852;5,583135;0,000261135
853;5,540113667;0,000288328
854;5,5149355;0,000305537
855;5,489290833;0,000324122
856;5,500794;0,00031565
857;5,498377833;0,000317411
858;5,505334167;0,000312367
859;5,479115833;0,000331806
860;5,464135;0,000343451
861;5,3831244;0,000413881
862;5,35068275;0,000445982
863;5,4408325;0,000362383
864;5,412526;0,000386789
865;5,453377;0,000352065
866;5,453377;0,000352065
867;6,056284;8,78448E-05
868;6,056284;8,78448E-05
869;6,048856;8,93602E-05
870;6,048856;8,93602E-05
871;5,767291;0,000170887
872;5,767291;0,000170887
873;5,518415667;0,000303099
874;5,4129785;0,000386386
875;5,23982475;0,000575672
876;5,1931338;0,000641012
877;5,3892104;0,000408122
878;5,3892104;0,000408122
879;5,323652;0,000474622
880;5,3280244;0,000469868
881;5,5941966;0,000254568
882;5,6363172;0,000231038
883;5,454078;0,000351497
884;5,397610667;0,000400303
885;5,45543;0,000350405
886;5,4524045;0,000352854
887;5,507507;0,000310809
888;5,538481;0,000289414
889;5,7249175;0,000188401
890;5,724861;0,000188425
891;5,7566974;0,000175107
892;5,92077775;0,000120011
893;5,636573;0,000230902
894;5,662097667;0,000217722
895;5,445309333;0,000358666
896;5,564456667;0,000272611
897;5,6848975;0,000206587
898;5,6051514;0,000248227
899;5,6051514;0,000248227
900;5,5221496;0,000300504
901;5,6425586;0,000227741
902;5,68683;0,00020567
903;5,607105;0,000247113
904;5,5687346;0,000269939
905;5,590435833;0,000256782
906;5,6095665;0,000245716
907;5,592940333;0,000255305
908;5,484513833;0,000327707
909;5,435422833;0,000366925
910;5,4757995;0,000334349
911;5,431171;0,000370535
912;5,50672;0,000311372
913;5,4336396;0,000368435
914;5,4908404;0,000322968
915;5,5187522;0,000302864
916;5,4764954;0,000333814
917;5,538705833;0,000289264
918;5,484293333;0,000327874
919;5,422305333;0,000378177
920;5,395841833;0,000401937
921;5,3764886;0,000420254
922;5,3880886;0,000409177
923;5,27267125;0,000533739
924;5,33527675;0,000462086
925;5,4087255;0,000390189
926;5,436804;0,00036576
927;5,436804;0,00036576
928;5,50099025;0,000315508
929;5,5898348;0,000257137
930;5,5551498;0,000278516
931;5,4938485;0,000320739
932;5,497664;0,000317933
933;5,497664;0,000317933
934;5,49056925;0,00032317
935;5,5839685;0,000260634
936;5,568919;0,000269824
937;5,568919;0,000269824
938;5,57464675;0,000266289
939;5,6503188;0,000223708
940;5,6167542;0,000241683
941;5,6687718;0,000214402
942;5,6525296;0,000222572
943;5,6525296;0,000222572
944;5,7354042;0,000183906
945;5,6810035;0,000208447
946;5,70158075;0,000198801
947;5,5114785;0,000307979
948;5,541065;0,000287697
949;5,6832248;0,000207384
950;5,6038698;0,00024896
951;5,540911;0,000287799
952;5,488706;0,000324559
953;5,387381167;0,000409844
954;5,414599333;0,000384947
955;5,334505167;0,000462908
956;5,327870833;0,000470034
957;5,374905;0,000421789
958;5,424399833;0,000376357
959;5,493524;0,000320979
960;5,481903833;0,000329683
961;5,5138865;0,000306276
962;5,588319167;0,000258036
963;5,675119833;0,000211291
964;5,659619833;0,000218968
965;5,642351333;0,00022785
966;5,6233665;0,000238031
967;5,507391167;0,000310891
968;5,449065833;0,000355577
969;5,357797167;0,000438736
970;5,377498833;0,000419277
971;5,401024;0,00039717
972;5,429513333;0,000371952
973;5,531453167;0,000294135
974;5,500099167;0,000316156
975;5,457306667;0,000348894
976;5,4686935;0,000339865
977;5,486854167;0,000325946
978;5,510272333;0,000308836
979;5,603503833;0,00024917
980;5,6472645;0,000225287
981;5,699319167;0,000199839
982;5,687513167;0,000205346
983;5,641630333;0,000228228
984;5,620730167;0,00023948
985;5,541848833;0,000287178
986;5,5279635;0,000296508
987;5,500933833;0,000315549
988;5,500021333;0,000316212
989;5,455580833;0,000350283
990;5,452480833;0,000352792
991;5,350964333;0,000445693
992;5,347690667;0,000449065
993;5,367171667;0,000429367
994;5,3414345;0,000455581
995;5,401092333;0,000397107
996;5,511530667;0,000307942
997;5,538466;0,000289424
998;5,500329833;0,000315988
999;5,4482255;0,000356266
1000;5,5033348;0,000313809
1001;5,5351104;0,000291669
1002;5,386013;0,000411137
1003;5,3777162;0,000419067
1004;5,4249194;0,000375907
1005;5,4716264;0,000337578
1006;5,481853833;0,000329721
1007;5,446862833;0,000357386
1008;5,5037255;0,000313527
1009;5,479702;0,000331358
1010;5,479154833;0,000331776
1011;5,472544167;0,000336865
1012;5,595349667;0,000253893
1013;5,715529833;0,000192517
1014;5,741573167;0,000181312
1015;5,817672833;0,000152169
1016;5,826049833;0,000149262
1017;5,792298167;0,000161325
1018;5,6164235;0,000241867
1019;5,440370167;0,000362769
1020;5,373759167;0,000422903
1021;5,372942833;0,000423699
1022;5,474232667;0,000335558
1023;5,515660833;0,000305028
1024;5,543114667;0,000286342
1025;5,578828167;0,000263737
1026;5,603849167;0,000248972
1027;5,5114035;0,000308032
1028;5,369219833;0,000427347
1029;5,323794;0,000474467
1030;5,3541535;0,000442432
1031;5,3418302;0,000455166
1032;5,5256154;0,000298116
1033;5,5249632;0,000298564
1034;5,557824;0,000276806
1035;5,595708;0,000253683
1036;5,587526;0,000258508
1037;5,537461;0,000290094
1038;5,338264667;0,000458918
1039;5,3965635;0,00040127
1040;5,407891;0,000390939
1041;5,3807896;0,000416112
1042;5,3259706;0,000472095
1043;5,2974746;0,00050411
1044;5,3001316;0,000501035
1045;5,2105884;0,00061576
1046;5,255111833;0,000555761
1047;5,256786333;0,000553622
1048;5,276253833;0,000529354
1049;5,277696667;0,000527598
1050;5,304372833;0,000496166
1051;5,327265;0,00047069
1052;5,332833167;0,000464694
1053;5,344283833;0,000452602
1054;5,495248667;0,000319706
1055;5,521524333;0,000300937
1056;5,508313167;0,000310232
1057;5,539548167;0,000288703
1058;5,5395165;0,000288724
1059;5,517197167;0,00030395
1060;5,379953667;0,000416914
1061;5,362136833;0,000434373
1062;5,361950667;0,00043456
1063;5,312632833;0,000486819
1064;5,305302333;0,000495105
1065;5,3193965;0,000479296
1066;5,309378667;0,00049048
1067;5,292603333;0,000509796
1068;5,375708667;0,000421009
1069;5,424769333;0,000376037
1070;5,483671167;0,000328344
1071;5,5404395;0,000288111
1072;5,550245667;0,000281679
1073;5,541921833;0,00028713
1074;5,5333275;0,000292868
1075;5,564396;0,000272649
1076;5,5132;0,000306761
1077;5,4303808;0,00037121
1078;5,4546292;0,000351051
1079;5,5119392;0,000307653
1080;5,4584748;0,000347957
1081;5,3686472;0,00042791
1082;5,3686472;0,00042791
1083;5,4192604;0,000380837
1084;5,422045;0,000378403
1085;5,3593986;0,000437121
1086;5,3928484;0,000404717
1087;5,375412;0,000421297
1088;5,375412;0,000421297
1089;5,3528344;0,000443778
1090;5,4099812;0,000389062
1091;5,4317578;0,000370034
1092;5,40107;0,000397128
1093;5,4094334;0,000389553
1094;5,442981167;0,000360594
1095;5,422286833;0,000378193
1096;5,552816;0,000280017
1097;5,639023167;0,000229603
1098;5,6695245;0,00021403
1099;5,7357275;0,000183769
1100;5,760729;0,000173489
1101;5,7383582;0,000182659
1102;5,5974562;0,000252664
1103;5,4891906;0,000324197
1104;5,569627;0,000269385
1105;5,5194446;0,000302382
1106;5,5194446;0,000302382
1107;5,5574082;0,000277071
1108;5,4531498;0,000352249
1109;5,4926704;0,00032161
1110;5,3178425;0,000481014
1111;5,2715375;0,000535134
1112;5,3601348;0,00043638
1113;5,3309366;0,000466728
1114;5,3629502;0,000433561
1115;5,3261362;0,000471915
1116;5,3261362;0,000471915
1117;5,3421538;0,000454827
1118;5,5122526;0,000307431
1119;5,5227052;0,00030012
1120;5,5939596;0,000254707
1121;5,6014918;0,000250327
1122;5,615228167;0,000242534
1123;5,6772005;0,000210281
1124;5,499637;0,000316492
1125;5,4919468;0,000322146
1126;5,5618492;0,000274253
1127;5,5534116;0,000279633
1128;5,619425;0,000240201
1129;5,5496592;0,00028206
1130;5,753945833;0,00017622
1131;5,7865705;0,000163467
1132;5,686197;0,00020597
1133;5,7040276;0,000197684
1134;5,6870292;0,000205575
1135;5,688524;0,000204869
1136;5,41681025;0,000382992
1137;5,36042575;0,000436088
1138;5,4881768;0,000324955
1139;5,4652752;0,000342551
1140;5,34934775;0,000447355
1141;5,391552;0,000405927
1142;5,4604092;0,00034641
1143;5,4729448;0,000336554
1144;5,34138575;0,000455632
1145;5,43941225;0,00036357
1146;5,43941225;0,00036357
1147;5,35256975;0,000444048
1148;5,224813667;0,000595918
1149;5,174674667;0,000668845
1150;5,174674667;0,000668845
1151;5,070958;0,000849263
1152;5,1231715;0,000753058
1153;5,14306175;0,000719347
1154;5,1952972;0,000637827
1155;5,211457;0,00061453
1156;5,211457;0,00061453
1157;5,2428678;0,000571653
1158;5,23363175;0,00058394
1159;5,27247675;0,000533978
1160;5,228556;0,000590805
1161;5,489567;0,000323916
1162;5,489567;0,000323916
1163;5,536306;0,000290867
1164;5,548336;0,00028292
1165;5,49907075;0,000316905
1166;5,49907075;0,000316905
1167;5,306932;0,000493251
1168;5,5342472;0,000292249
1169;5,5215468;0,000300921
1170;5,505827;0,000312013
1171;5,57647875;0,000265168
1172;5,57647875;0,000265168
1173;5,736666333;0,000183372
1174;5,3832455;0,000413766
1175;5,356528;0,00044002
1176;5,603454;0,000249199
1177;5,5278095;0,000296613
1178;5,5278095;0,000296613
1179;5,5278095;0,000296613
1180;5,62188;0,000238847
1181;5,51248575;0,000307266
1182;5,399854333;0,000398241
1183;5,560907;0,000274848
1184;5,83668425;0,000145652
1185;5,7141828;0,000193116
1186;5,69022325;0,000204069
1187;5,6972435;0,000200797
1188;5,6950394;0,000201818
1189;5,5623878;0,000273913
1190;5,2859906;0,000517618
1191;5,301444;0,000499524
1192;5,301444;0,000499524
1193;5,25963875;0,000549998
1194;5,117444;0,000763055
1195;5,257132;0,000553182
1196;5,244683;0,000569268
1197;5,260656;0,000548711
1198;5,2872505;0,000516119
1199;5,292602;0,000509798
1200;5,367034;0,000429503
1159;6,264920732;0,543349495
1160;6,296472812;0,005052743
1160;6,353077042;0,443529957
1161;6,32858766;0,004692587
1161;6,374947932;0,421747064
1162;6,189610523;0,006462335
1162;6,231949789;0,586205935
1163;6,320228749;0,004783781
1163;6,086829201;0,818786736
1164;6,16812503;0,006790081
1164;6,12202564;0,75504765
1165;6,181342979;0,006586535
1165;6,055877652;0,879270187
1166;5,956554977;0,011052106
1166;5,866683625;1,359303312
1167;5,963181783;0,010884744
1167;5,834154278;1,465027314
1168;5,81059688;0,015466894
1168;5,661482446;2,180306522
1169;5,962349981;0,010905611
1169;5,805335465;1,56554132
1170;5,945431761;0,01133883
1170;5,932013496;1,16946305
1171;6,128782968;0,007433905
1171;5,762775727;1,72672936
1172;6,063514198;0,008639444
1172;5,669938298;2,13826586
1173;6,12130734;0,007562975
1173;5,802116202;1,577189213
1174;5,945781972;0,01132969
1174;5,789205564;1,624779518
1175;6,095326367;0,008029225
1175;5,926275432;1,185016966
1176;6,118612354;0,007610052
1176;5,933142596;1,166426569
1177;6,116821419;0,007641499
1177;5,943400667;1,139198312
1178;5,928279069;0,011795624
1178;6,081738719;0,828440421
1179;5,927830396;0,011807817
1179;6,301759377;0,499160973
1180;5,86513011;0,013641744
1180;6,166499188;0,681554849
1181;6,040252825;0,009114801
1181;6,213802927;0,611219319
1182;5,857103715;0,013896207
1182;6,057364346;0,876265381
1183;5,862119101;0,013736652
1183;5,939157162;1,150384015
1184;5,836412027;0,014574309
1184;5,777247061;1,670140237
1185;6,004277637;0,009901987
1185;5,780749522;1,6567252
1186;5,814369795;0,015333108
1186;5,582384292;2,615867294
1187;5,865647509;0,013625501
1187;5,719153902;1,90917658
1188;5,692685795;0,020291502
1188;5,499041123;3,169267354
1189;5,829466821;0,014809254
1189;5,638398007;2,299333639
1190;5,614173919;0,024312302
1190;5,607312293;2,469947415
1191;5,525405208;0,029825985
1191;5,714260964;1,930807762
1192;5,427407741;0,037375952
1192;5,562680308;2,737282949
1193;5,532610455;0,029335233
1193;5,695211354;2,017384344
1194;5,643849001;0,022706542
1194;5,566174458;2,71534828
1195;5,782831995;0,016488001
1195;5,671728458;2,129470076
1196;5,785528252;0,016385955
1196;5,548876146;2,825685703
1197;5,856525538;0,01391472
1197;5,61981286;2,399866812
1198;6,12962896;0,007419439
1198;5,744599;1,800532646
1199;6,068455984;0,008541694
1199;5,197585;6,344757094
1200;5,524754;0,029870741
1200;5,752641;1,767498281